drop database test;
 create database test;
 use test;
create table user (username varchar(20), age integer, firstname varchar(20),lastname varchar(20), height integer, hometown varchar(20));
create table album (owner varchar(20), albumname varchar(20), created integer, modified integer);
create table photo(picid integer, description varchar(20), caption varchar(20), views integer, created integer, modified integer);
create table contain(albuname varchar(20), picid integer);
insert into user values
('1', 15, 'uFmwyrxMfc', 'd61YVto18K', 29, 'Wz8XzlDzgH'),
('2', 22, 'Me1lM1KAVG', 'Jwn3op7EQp', 79, 'l4wDJTTmm9'),
('3', 84, 'WQcGQJU3FY', 'ucpoYr5TP8', 38, 'GqKVKaJ7R4'),
('4', 67, 'USobUfBP3t', 'uyq7t0u4sS', 88, 'bdTkBdp4MQ'),
('5', 24, 'PJAdrBhuIr', 'VutANQrHjm', 1, 'aruy1veICu'),
('6', 49, 'WIwGsUmMvf', '7mmPUujkPG', 13, '2QnLuqgUkK'),
('7', 97, 'solX96yDIV', 'XGjBgxfM99', 92, 'vr7RfQ17Mf'),
('8', 41, 'oORnqktpYZ', 'rOj3C9xOBn', 49, 'Ok1chCC7IB'),
('9', 77, 'X512mTMvEF', 'Gh7S9TK0Pz', 3, 'EB3kjbJ8QN'),
('10', 83, '0VOMHV74gu', 'n9rAP6nhxx', 53, 'j9BqMpEtlT'),
('11', 75, 'iwWapYUIFx', 'VvCA4q45da', 15, 'NO5peEIpFt'),
('12', 62, 'uZmjLLtlr6', 'oUv0WxH0ov', 96, 'V0WXGnbOsF'),
('13', 29, 'twVa0qhET5', 'AKHpXQ28ca', 73, 'nevGStFL2o'),
('14', 73, 'QV1BzhxdAs', 'jhT3PBPFcO', 9, 'GyyJnXEt0g'),
('15', 93, 'V8W0ewq3Nu', 'letgD5r99k', 78, 'egkZFZOJ6V'),
('16', 59, 'qLDJhELvOJ', 'DrNnMZo0Ex', 62, 'NmJia5vqWK'),
('17', 30, 'VT8tqy6wjN', 'o4mDdz4bwS', 19, 'iQYkDXY3nD'),
('18', 99, 'Xe64Yoqcwq', 'hrAVUAcVXL', 22, 'X0rRgdQPkr'),
('19', 12, 'UlhLEonHUd', 'oOypC3Bkzh', 40, 'fnMDgWtMIh'),
('20', 35, 'gBf2SW7imU', 'sJoBB5c4iw', 84, 'UwbwdotiuD'),
('21', 37, 'qlyJ4npHi4', 'BeWzZ6BTnX', 31, 'tgF5JnhIQd'),
('22', 61, 'fmlXtUt2vP', '2OT5XvBnCV', 98, 'BRkueZ5LHD'),
('23', 42, '9fAIc0Up4j', 'LJppR8JZhm', 65, 'LbfaYRX31m'),
('24', 11, 'u6MjaJ8D68', 'n5QBHhFW3g', 50, 'vj7hxDeIKi'),
('25', 3, 'U4JuI9XiVb', 'HQWNmfAJxd', 24, 'KCmUdgL56m'),
('26', 0, '6zMFKPVE8i', 'jz5DDxOFCZ', 30, 'G5gWv9XnfC'),
('27', 83, 'B3APWLVcEA', 'TxU9EExpXp', 2, 'mfK0GRn1oS'),
('28', 47, '5dLWbutKjz', '5aapFx3vVn', 33, '5Sd7OUzujm'),
('29', 57, 'crbtmettCL', 'dcn3Bts2Zj', 93, 'VV31VY5kQY'),
('30', 70, 'lcqn1JVAil', '0nPSjMCt1F', 20, 'n2dXbiNauh'),
('31', 52, 'rd0o61EP2z', 'DVyWFIeVav', 29, '7Cc61mlOcV'),
('32', 34, 'yKmnZVYXXu', 't8EpnAUIX2', 56, 'X1nrhHC16v'),
('33', 1, 'VU6qYFC3T4', 'V94dWg5G0m', 3, 'OCJiVJGKMn'),
('34', 58, 'L9bIWmXQTc', 'HjDkGh5mjM', 16, 'ZMM3rIeaXE'),
('35', 41, 'GUHqE8xmLI', 'sWNnOt4yCE', 33, 'scszyLdyYf'),
('36', 10, '9D6qsqwioi', 'KR71osCprG', 72, 'BnXma8RGTg'),
('37', 55, 'to1GxTOjIh', 'GTcIGtZJaN', 11, 'IlMbelumnf'),
('38', 36, 'HVIkv8Lt1b', 'aJWCtxTsi5', 78, 'TRLEP0k6IM'),
('39', 58, 'nqk1ElJntn', 'JHa999yxbw', 60, 'lMLpml68gZ'),
('40', 79, 'q1ALFF1XLu', 'QSjUcVH4Ci', 26, 'hCqtkqeWiB'),
('41', 75, 'JwTX4MZJBL', 'tmNgrdFj1Y', 20, 'ANsiQ3vvAB'),
('42', 86, '4OB9Si6KPE', 'muhUFFtW2y', 96, 'p4pQ0axup9'),
('43', 0, 'xSVVFTNXsf', 'F5XerbOQ2q', 0, 'VuWyT65KA3'),
('44', 57, 'sRW8aoqSA1', 'aa3zUIyG5e', 14, 'Iil2rhlFPA'),
('45', 65, '76JZLVJmUW', '9oepG72iHd', 60, 'XqbxAs2Zdl'),
('46', 70, 'nAho7a4TVL', 'c8R9uI3EPL', 66, 'prXVw5JatP'),
('47', 25, 'TmHAUDDG5P', 'zq9TBqvCwp', 67, 'KgQzr8ioce'),
('48', 38, 'J8UDdstpWA', 'fGxbfXKqNs', 62, 'cmMVG54fd0'),
('49', 23, 's1wiG3edTd', 'UicyyBNpu5', 94, 'aTx6P4LhcQ'),
('50', 39, 'wMk0Z0aUDO', 'hn3pKy1FoZ', 46, 'vyC2FkkNsX'),
('51', 68, 'F3037eA0wP', 'TRD9jwpQaG', 43, 'f62ttPu4Fa'),
('52', 95, 'KdEoU8VhIe', '8Rh8C1yKwE', 43, 'GJaKoRka9o'),
('53', 51, 'IAspa4IFov', 'j5CKDt0bKK', 96, '3mBEN1E3U8'),
('54', 25, '9gQvuFfx1P', 'SjtPjDBwxB', 86, 'lgCGlXtrUS'),
('55', 95, 'nykIGQDzbq', 'yEtc7eSter', 20, 'ttNq0Kq1YE'),
('56', 33, 'jWGLgbrLOL', 'aMaxx3h1NB', 96, 'CKPT14yQCh'),
('57', 77, 'PZivgrw2qB', 'dpLd0OdF5g', 78, 'yIvz38ciI7'),
('58', 31, 'VNMd1K5eNZ', 'FZMjuXS8vH', 0, 'DyIKp5c8qW'),
('59', 86, 'wyVcdYdL46', 'hlA8tp0Cst', 95, 'xxMunmlQgP'),
('60', 75, 'RlybPhn0FJ', '33SU8iOGIK', 34, 'RafeqktPGq'),
('61', 39, 'myxy4ktMBZ', 'R4bwFfvh08', 43, 'wb2F1oKNZm'),
('62', 92, 'AZMzNAOERr', 'b11WunYchm', 33, 'o4Q7lXHar5'),
('63', 75, 'g5hYWWYEQf', 'qCxhjNMPuZ', 24, 'RaGAbCnzf3'),
('64', 1, 'VLuiEpndha', 'BYjsCEht8R', 33, '4lnDioEOs7'),
('65', 33, 'Or75RdDNv5', 'nTxEytU60l', 17, 'Ptmz87GvVr'),
('66', 85, '9zWvV2XxCW', 'dvJl887DHS', 87, 'uipTIggWXE'),
('67', 46, '2LeGMOxTBW', 'FcS3xM6vWH', 58, 'He5O4D2T0e'),
('68', 28, 'ynVt015S0t', '5odYFFcMau', 97, 'yr0zgpjfDN'),
('69', 94, '90jIlXTB2u', 'HaDi2KZhWy', 68, '63AO9HfoPj'),
('70', 42, 'NHsjl4q8Ew', '1lRWthKtGe', 64, 'XhdiVUJuBa'),
('71', 62, 'XqPXlLZQuo', '8PEqcRpoIV', 26, 'NeXYe7Jz7B'),
('72', 8, 'bkvQh4Lwjk', 'oRotafePW0', 11, 'WuFlPnG9iO'),
('73', 3, 'xIvWHRh1VI', 'RNUYVqqeoh', 78, 'qAM1SbxWen'),
('74', 56, 'ucKh0vEBK4', 'SkzVhWcJgo', 73, 'eKAcNEfWyS'),
('75', 99, 'AfhRNEEr6E', 'eqPy8A3Frn', 26, 'cYsxACXDsN'),
('76', 95, 'Fgc59DMg1S', '0UFU6gP0L1', 83, 'ACljnevZIc'),
('77', 8, 'KrVzrixii6', 'Tl2VS00JIW', 18, '8MdNBxUM0i'),
('78', 69, 'RqzV2bRZe0', 'OtXTb30LoS', 5, 'GTNeqIG5P3'),
('79', 56, 'sCZs4oeKzP', 'qDUwKHmheX', 35, 'Gozv3bYmah'),
('80', 9, 'rPJMARjmLa', 'WL2gjwwX7W', 48, 'E5l6AGHyJr'),
('81', 60, 'Ss7ZtPcdJo', '3oR5DPY6MK', 9, 'zmBOXPwQyJ'),
('82', 47, 'KWRltqPe4D', '3TZyh6WRIs', 47, 'hjCfKqPxpF'),
('83', 5, 'fZv5RrhewZ', 'Mpx57E3vlF', 3, '0O3AgTqiyT'),
('84', 99, '6TWW3k59MK', 'gMSFx4N1gF', 62, '0OqL1SJmtv'),
('85', 50, 'PLvhIqQnpC', 'LzMbXuqhKi', 90, 'zDyjyfp7Cq'),
('86', 29, '3i1bQjhLOL', '9EkQh8AOMo', 78, 'hzL5D06mrt'),
('87', 32, 'wNCAn2ylMz', 'YYjdDuWIIm', 99, 'In9H2Z6O6V'),
('88', 70, 'IRbXIaKTvV', 'wkAZL1jMWz', 12, 'tu6vsjsYz7'),
('89', 85, 'WdhTNaHuEX', '2HhB7kbe8h', 18, 'GuVAlO08zs'),
('90', 1, 'lQXOmQHcqL', 'uaTc7XLtga', 40, 'kn5yeM7J2W'),
('91', 38, 'IIGlHvcV3g', 'syEbFTMZfp', 28, 'MnxgfSETsg'),
('92', 54, 'ycJKtY2jGp', 't7cXmxXE6P', 34, 'HgPjV30F1x'),
('93', 22, 'Y7T2Ua7P1o', 'PRpSPGTop9', 32, 'Yg25phYiB1'),
('94', 36, '1kvYVWXd7s', 'eDlxzxsa6i', 54, 'ax3fbsecjT'),
('95', 2, 'gnrIKm0tE8', 'Xzhr7U926L', 56, 'fvthsQwx67'),
('96', 13, 'UUIG4olQ6L', 'mMmpicP8Jo', 41, 'A6alypSMAh'),
('97', 54, 'rnAOP7Zyvg', 'ai9WiMUYhU', 70, 'CUA2ULXZ6R'),
('98', 92, 'E0FP3VkLVH', 'RFuqRHqfwb', 35, 'F8RByxsGKr'),
('99', 42, '5GUY6U8RPr', '4kVnvMRCxu', 21, 'keX1tyk0wk'),
('100', 18, '8zc6vAnM6U', 'BYpmmZyoGG', 3, 'ife8Q2r55b');
insert into album values
('6', '1', 34, 34),
('28', '2', 36, 82),
('71', '3', 76, 99),
('10', '4', 41, 62),
('32', '5', 66, 88),
('16', '6', 11, 34),
('99', '7', 90, 118),
('39', '8', 54, 102),
('26', '9', 50, 98),
('64', '10', 8, 21),
('72', '11', 92, 98),
('53', '12', 17, 41),
('57', '13', 76, 81),
('82', '14', 78, 112),
('81', '15', 69, 92),
('19', '16', 80, 111),
('83', '17', 44, 47),
('60', '18', 23, 59),
('62', '19', 52, 89),
('42', '20', 71, 100),
('20', '21', 28, 76),
('38', '22', 6, 54),
('29', '23', 64, 106),
('45', '24', 76, 101),
('84', '25', 30, 72),
('98', '26', 73, 88),
('56', '27', 60, 89),
('78', '28', 43, 57),
('14', '29', 55, 97),
('25', '30', 18, 44),
('75', '31', 81, 108),
('32', '32', 59, 98),
('89', '33', 46, 92),
('75', '34', 44, 63),
('18', '35', 89, 89),
('40', '36', 82, 95),
('22', '37', 36, 52),
('5', '38', 62, 99),
('56', '39', 94, 115),
('56', '40', 57, 70),
('58', '41', 96, 133),
('75', '42', 3, 8),
('97', '43', 36, 70),
('63', '44', 0, 8),
('6', '45', 12, 27),
('6', '46', 21, 66),
('6', '47', 2, 18),
('80', '48', 49, 86),
('1', '49', 74, 79),
('16', '50', 28, 62),
('27', '51', 44, 50),
('63', '52', 40, 61),
('26', '53', 24, 32),
('86', '54', 42, 74),
('0', '55', 86, 131),
('68', '56', 48, 70),
('72', '57', 62, 111),
('15', '58', 81, 97),
('42', '59', 80, 93),
('3', '60', 41, 54),
('30', '61', 47, 73),
('18', '62', 13, 52),
('42', '63', 66, 86),
('32', '64', 98, 135),
('91', '65', 96, 122),
('79', '66', 53, 90),
('16', '67', 51, 94),
('22', '68', 22, 39),
('71', '69', 33, 70),
('51', '70', 97, 109),
('58', '71', 9, 34),
('53', '72', 63, 70),
('80', '73', 94, 108),
('58', '74', 6, 42),
('46', '75', 81, 129),
('11', '76', 78, 120),
('5', '77', 41, 42),
('55', '78', 31, 52),
('34', '79', 41, 56),
('27', '80', 90, 122),
('21', '81', 71, 82),
('42', '82', 7, 45),
('56', '83', 3, 34),
('48', '84', 51, 73),
('64', '85', 81, 92),
('62', '86', 60, 64),
('95', '87', 57, 72),
('18', '88', 7, 19),
('15', '89', 17, 24),
('74', '90', 47, 47),
('69', '91', 39, 63),
('80', '92', 41, 62),
('94', '93', 18, 41),
('86', '94', 81, 126),
('82', '95', 70, 101),
('70', '96', 62, 94),
('43', '97', 43, 49),
('99', '98', 15, 35),
('94', '99', 14, 21),
('62', '100', 18, 35);
insert into photo values
(1, '891wRuNzzX', 'D7836iRFOJ', 643, 74, 110),
(2, '2tM9YlPunW', 'YZFVVX9BtX', 519, 71, 116),
(3, 'eT4v1f08st', '2WVlA1U5qK', 263, 28, 48),
(4, 'NgBH79guAn', 'NiwMIpE22x', 55, 1, 38),
(5, 'ZW2qhlkqR1', 'msFOdiMBdd', 396, 44, 58),
(6, '2N9TczvM1B', 'dlmN8C7atU', 323, 66, 111),
(7, 'dkFw8dDbvu', '565eCNjFOv', 444, 60, 67),
(8, 'cQeyj9YZrp', 'og1diCBnGa', 798, 95, 124),
(9, 'yB6wYi5Rvy', 'CZ6aeauD7y', 529, 13, 34),
(10, 'RjOgofGeMK', 'ShQjWcvemX', 454, 90, 105),
(11, 'bTIgHvmZzZ', 'XtPBnUysqK', 482, 39, 63),
(12, 'JSX3pALrkc', 'wvB9nKsO9g', 745, 70, 101),
(13, 'RuvJkDEOT4', 'nSVyi4sJBF', 938, 93, 112),
(14, 'X6s9PbSxgY', 'hhdi0Zpr05', 475, 82, 111),
(15, 'DWsV7JfIEV', 'Vzaq5bbc8J', 638, 1, 5),
(16, 'sLxBkU5oEi', 'LnsdiZOIIC', 121, 32, 68),
(17, 'J7lU9DNkwD', 'hWTbGOPF4Z', 741, 39, 43),
(18, 'CkrIfcPzfX', 'FKttLoxXZd', 16, 66, 84),
(19, 'Q2ldnMCHrc', 'W4nsiyFvdk', 100, 99, 105),
(20, 'bTnFR2SZZK', 'nGNInULJnd', 680, 41, 43),
(21, 'hPFI1um1Hg', 'iHvrUXjtP3', 198, 33, 46),
(22, 'xRnL221MYF', 'M9rAfZZ78b', 162, 88, 115),
(23, 'r9MaGoc2LM', 'VmhfqeBb03', 640, 69, 112),
(24, 'E1JCGjwHui', '8Bk9tXVAHs', 70, 20, 35),
(25, '7mOX5WltHK', 'Pw0j2MsNbL', 496, 18, 49),
(26, '7XC7c6KCFd', 'MGIx2Sy4Uf', 138, 48, 79),
(27, 'zH1BfFRku2', 'wsu0Ry0Tns', 802, 71, 93),
(28, 'qeWSKckUZw', 'HuU1Xml8bB', 538, 11, 58),
(29, 'wk6mkCd26I', 'Hb8aLjamYw', 802, 98, 133),
(30, 'dfM7yEagoL', 'ijBiuxYt52', 458, 58, 106),
(31, 'gZh4JApuJT', '200Xtre8TW', 963, 26, 57),
(32, 'pjVtLUMMgA', '1GTChueDlA', 636, 72, 105),
(33, 'tR34CIc9XH', 'J4TTAcD5Jz', 950, 91, 137),
(34, 'HWsTUSx4TE', 'FaBNJ3rt8c', 848, 99, 139),
(35, 'si9ScVifWq', 'epUC3tW6tc', 577, 65, 87),
(36, '3mmkgYHpNk', 'dcA41QA0q6', 262, 79, 117),
(37, 'gYCn5z4kbG', 'Hs5Bil7aVS', 877, 69, 78),
(38, 'RZGQtOfg6O', 'smyN53DfJq', 818, 69, 117),
(39, 'vqdLPqXrke', 'N5wnmVhO0X', 149, 52, 87),
(40, 'vkP8ktYCMM', 'DNOOybRFAF', 448, 0, 1),
(41, 'JmDlIWJILY', 'SsMz0keLsn', 546, 33, 64),
(42, 'UU7lYRcOKt', 'lTdyBrOjVg', 501, 45, 53),
(43, 'nImAWwRKHT', 'uaGT2TvjdS', 734, 84, 91),
(44, 'xEuKmqcvEq', 'da1vrQ4Ct5', 821, 65, 111),
(45, 'deOhnuTun7', 'OrFPi1GLrY', 278, 29, 69),
(46, '1KhrksIlHR', 'RVN5QjomyJ', 897, 81, 83),
(47, '2KJXqtAQOq', 'sqsTbIPVTj', 261, 47, 71),
(48, 'CNBNxParn8', '6Tw2vLuno9', 997, 86, 98),
(49, 'ongomhXaIh', 'jyXPWRtERi', 324, 15, 23),
(50, 'whNnmDGoFO', 'go5TEyjCM2', 904, 75, 123),
(51, 'p2NxshzxCn', '6hussudAjD', 216, 94, 101),
(52, '7bO20iOBKs', 'UpEhMoDSG5', 119, 90, 93),
(53, '78D6qICTGu', 'vmDebxc0Zo', 230, 80, 94),
(54, 'NKGYiUXJmA', 'h9uiq1TIC7', 846, 17, 41),
(55, 'MI71sUccIE', 'dyNefSYdvf', 409, 53, 53),
(56, 'eXEvF8cAfp', 'lnCBOQ6WFL', 102, 0, 47),
(57, '7mL6MSBRsl', 'oFyT4dZKQU', 951, 35, 72),
(58, 'zCrppbJZS3', 'WsW8G2waZU', 940, 20, 21),
(59, 'kZSikMScyu', '6mtURL1o48', 742, 11, 41),
(60, 'h1Dwh1okKl', 'AhkYyR6UFm', 960, 87, 90),
(61, 'KmHVf23RaV', 'bDGLl1hSSP', 256, 30, 64),
(62, 'ya4QZXzZwX', 'GQzyGakLhL', 206, 1, 46),
(63, 'ipMrNLD09D', 'F5aJEZ3Qnu', 207, 52, 70),
(64, 'pkkKjrKe5z', '1GH13sjEzL', 542, 6, 50),
(65, 'oeq3TXt5a7', 'lMlB7VTFA5', 346, 60, 107),
(66, 'iR8dhlv9YB', 'edkFhUXQ3R', 984, 98, 99),
(67, 'olxArpZ9bt', '49dQGq0kYH', 778, 30, 30),
(68, 's3huusd59S', 'DK28LNUqBu', 108, 54, 103),
(69, 'u35JKZkCXt', 'ywecbbvvjd', 397, 38, 61),
(70, 'jOCZ9OYwTu', '6HxAjB4Z3p', 531, 6, 20),
(71, 'SrF2FPCntg', 'VoOcgIb7dk', 286, 90, 137),
(72, 'fWXzqLENnN', 'rFdMoHoBDr', 519, 94, 116),
(73, 'YTqMBKVoJu', 'AiFHdqkon4', 828, 33, 38),
(74, 'e9PSHVXScE', 'ZRKmNfv9xP', 815, 38, 76),
(75, '1dLDt6kc6N', 'YxOIjTdwxt', 780, 87, 133),
(76, 'U5vwrceWqs', 'dKkcIDg4oD', 251, 95, 130),
(77, 'xQq37BUvZM', 'qPB7Q9TmzC', 194, 81, 111),
(78, 'gpAK63KaHJ', 'eB70nuDkj8', 536, 56, 102),
(79, 'VpK57UJGzU', 'iyxj25fbW6', 91, 18, 43),
(80, 'WwGe2nQLOj', 'gSpfyBHuBP', 507, 76, 106),
(81, 'GRPXy08hS9', 'YUN2UXNTKR', 303, 15, 41),
(82, 'srgoB3iuM8', '76E8teEyYG', 832, 21, 48),
(83, 'cPAqlyXiwS', 'D31GljIasD', 726, 32, 73),
(84, 'xper7jdvNv', 'igWNoUpL9I', 748, 89, 123),
(85, 'SFm0uSgZkO', 'ZsQzILGcDf', 796, 8, 50),
(86, 'jVKVKGQptR', 'T6hZGrGiKL', 240, 99, 134),
(87, 'RDTLYCW6ui', 'XXoxbk82pD', 58, 36, 83),
(88, 'qpVKxH7EqH', 'kZEkKi7Xqs', 306, 11, 23),
(89, 'sB8tnRi6ps', 'dyay7kGmle', 932, 77, 84),
(90, 'leNqdx74ND', 'LkZPJI2EDT', 50, 29, 67),
(91, 'GaC1lDZv5Q', 'UUrFTsptMZ', 971, 47, 56),
(92, '0JUdvXMqFC', 'VCgHQqBPbt', 606, 59, 97),
(93, 'BuPxJvPza9', 'XCr6yxIOcY', 245, 44, 59),
(94, 'IpjajkNvGr', 'JkjUmthD9c', 178, 77, 102),
(95, 'ZGD5mUwaLe', 'qc87IA7PKK', 384, 1, 11),
(96, 'zDTfxFqFKb', 'xoJ9qf9vOx', 15, 45, 73),
(97, 'q9jO1y1MYP', 'bGGoi7Gugp', 678, 75, 111),
(98, 'osXfqlzC9A', 'wDLomaQ2Ny', 485, 30, 61),
(99, 'izzDuOuRTD', 'OjuB2QLviQ', 626, 59, 99),
(100, 'jgFThcSbsD', '5NvciO6dX8', 156, 43, 84);
insert into contain values
('83', 74),
('6', 21),
('10', 53),
('65', 7),
('79', 85),
('76', 47),
('97', 35),
('97', 6),
('63', 70),
('5', 41),
('42', 1),
('64', 31),
('73', 72),
('54', 55),
('74', 17),
('75', 29),
('74', 60),
('79', 49),
('16', 76),
('61', 15),
('67', 77),
('95', 31),
('5', 31),
('61', 62),
('1', 35),
('48', 10),
('53', 29),
('82', 80),
('13', 39),
('26', 31),
('36', 2),
('45', 76),
('20', 66),
('4', 85),
('81', 19),
('22', 27),
('68', 95),
('95', 5),
('5', 88),
('31', 10),
('28', 67),
('0', 87),
('65', 55),
('90', 15),
('71', 45),
('45', 43),
('59', 32),
('11', 90),
('32', 61),
('33', 22),
('77', 45),
('71', 10),
('47', 46),
('83', 57),
('42', 56),
('77', 55),
('31', 42),
('18', 38),
('42', 38),
('69', 35),
('85', 70),
('71', 48),
('57', 64),
('39', 39),
('75', 13),
('1', 24),
('52', 10),
('40', 8),
('70', 95),
('91', 30),
('5', 53),
('77', 96),
('30', 20),
('81', 84),
('71', 54),
('61', 76),
('93', 80),
('91', 84),
('64', 86),
('71', 30),
('28', 57),
('4', 32),
('25', 66),
('65', 94),
('8', 34),
('60', 58),
('13', 86),
('10', 74),
('13', 92),
('26', 69),
('85', 95),
('60', 75),
('90', 9),
('62', 47),
('45', 43),
('77', 95),
('23', 62),
('91', 24),
('25', 17),
('98', 63);

