drop database test;
 create database test;
 use test;
create table user (username varchar(20), age integer, firstname varchar(20),lastname varchar(20), height integer, hometown varchar(20));
create table album (owner varchar(20), albumname varchar(20), created integer, modified integer);
create table photo(picid integer, description varchar(20), caption varchar(20), views integer, created integer, modified integer);
create table contain(albuname varchar(20), picid integer);
insert into user values
('1', 15, 'uFmwyrxMfc', 'd61YVto18K', 29, 'Wz8XzlDzgH'),
('2', 22, 'Me1lM1KAVG', 'Jwn3op7EQp', 79, 'l4wDJTTmm9'),
('3', 84, 'WQcGQJU3FY', 'ucpoYr5TP8', 38, 'GqKVKaJ7R4'),
('4', 67, 'USobUfBP3t', 'uyq7t0u4sS', 88, 'bdTkBdp4MQ'),
('5', 24, 'PJAdrBhuIr', 'VutANQrHjm', 1, 'aruy1veICu'),
('6', 49, 'WIwGsUmMvf', '7mmPUujkPG', 13, '2QnLuqgUkK'),
('7', 97, 'solX96yDIV', 'XGjBgxfM99', 92, 'vr7RfQ17Mf'),
('8', 41, 'oORnqktpYZ', 'rOj3C9xOBn', 49, 'Ok1chCC7IB'),
('9', 77, 'X512mTMvEF', 'Gh7S9TK0Pz', 3, 'EB3kjbJ8QN'),
('10', 83, '0VOMHV74gu', 'n9rAP6nhxx', 53, 'j9BqMpEtlT'),
('11', 75, 'iwWapYUIFx', 'VvCA4q45da', 15, 'NO5peEIpFt'),
('12', 62, 'uZmjLLtlr6', 'oUv0WxH0ov', 96, 'V0WXGnbOsF'),
('13', 29, 'twVa0qhET5', 'AKHpXQ28ca', 73, 'nevGStFL2o'),
('14', 73, 'QV1BzhxdAs', 'jhT3PBPFcO', 9, 'GyyJnXEt0g'),
('15', 93, 'V8W0ewq3Nu', 'letgD5r99k', 78, 'egkZFZOJ6V'),
('16', 59, 'qLDJhELvOJ', 'DrNnMZo0Ex', 62, 'NmJia5vqWK'),
('17', 30, 'VT8tqy6wjN', 'o4mDdz4bwS', 19, 'iQYkDXY3nD'),
('18', 99, 'Xe64Yoqcwq', 'hrAVUAcVXL', 22, 'X0rRgdQPkr'),
('19', 12, 'UlhLEonHUd', 'oOypC3Bkzh', 40, 'fnMDgWtMIh'),
('20', 35, 'gBf2SW7imU', 'sJoBB5c4iw', 84, 'UwbwdotiuD'),
('21', 37, 'qlyJ4npHi4', 'BeWzZ6BTnX', 31, 'tgF5JnhIQd'),
('22', 61, 'fmlXtUt2vP', '2OT5XvBnCV', 98, 'BRkueZ5LHD'),
('23', 42, '9fAIc0Up4j', 'LJppR8JZhm', 65, 'LbfaYRX31m'),
('24', 11, 'u6MjaJ8D68', 'n5QBHhFW3g', 50, 'vj7hxDeIKi'),
('25', 3, 'U4JuI9XiVb', 'HQWNmfAJxd', 24, 'KCmUdgL56m'),
('26', 0, '6zMFKPVE8i', 'jz5DDxOFCZ', 30, 'G5gWv9XnfC'),
('27', 83, 'B3APWLVcEA', 'TxU9EExpXp', 2, 'mfK0GRn1oS'),
('28', 47, '5dLWbutKjz', '5aapFx3vVn', 33, '5Sd7OUzujm'),
('29', 57, 'crbtmettCL', 'dcn3Bts2Zj', 93, 'VV31VY5kQY'),
('30', 70, 'lcqn1JVAil', '0nPSjMCt1F', 20, 'n2dXbiNauh'),
('31', 52, 'rd0o61EP2z', 'DVyWFIeVav', 29, '7Cc61mlOcV'),
('32', 34, 'yKmnZVYXXu', 't8EpnAUIX2', 56, 'X1nrhHC16v'),
('33', 1, 'VU6qYFC3T4', 'V94dWg5G0m', 3, 'OCJiVJGKMn'),
('34', 58, 'L9bIWmXQTc', 'HjDkGh5mjM', 16, 'ZMM3rIeaXE'),
('35', 41, 'GUHqE8xmLI', 'sWNnOt4yCE', 33, 'scszyLdyYf'),
('36', 10, '9D6qsqwioi', 'KR71osCprG', 72, 'BnXma8RGTg'),
('37', 55, 'to1GxTOjIh', 'GTcIGtZJaN', 11, 'IlMbelumnf'),
('38', 36, 'HVIkv8Lt1b', 'aJWCtxTsi5', 78, 'TRLEP0k6IM'),
('39', 58, 'nqk1ElJntn', 'JHa999yxbw', 60, 'lMLpml68gZ'),
('40', 79, 'q1ALFF1XLu', 'QSjUcVH4Ci', 26, 'hCqtkqeWiB'),
('41', 75, 'JwTX4MZJBL', 'tmNgrdFj1Y', 20, 'ANsiQ3vvAB'),
('42', 86, '4OB9Si6KPE', 'muhUFFtW2y', 96, 'p4pQ0axup9'),
('43', 0, 'xSVVFTNXsf', 'F5XerbOQ2q', 0, 'VuWyT65KA3'),
('44', 57, 'sRW8aoqSA1', 'aa3zUIyG5e', 14, 'Iil2rhlFPA'),
('45', 65, '76JZLVJmUW', '9oepG72iHd', 60, 'XqbxAs2Zdl'),
('46', 70, 'nAho7a4TVL', 'c8R9uI3EPL', 66, 'prXVw5JatP'),
('47', 25, 'TmHAUDDG5P', 'zq9TBqvCwp', 67, 'KgQzr8ioce'),
('48', 38, 'J8UDdstpWA', 'fGxbfXKqNs', 62, 'cmMVG54fd0'),
('49', 23, 's1wiG3edTd', 'UicyyBNpu5', 94, 'aTx6P4LhcQ'),
('50', 39, 'wMk0Z0aUDO', 'hn3pKy1FoZ', 46, 'vyC2FkkNsX'),
('51', 68, 'F3037eA0wP', 'TRD9jwpQaG', 43, 'f62ttPu4Fa'),
('52', 95, 'KdEoU8VhIe', '8Rh8C1yKwE', 43, 'GJaKoRka9o'),
('53', 51, 'IAspa4IFov', 'j5CKDt0bKK', 96, '3mBEN1E3U8'),
('54', 25, '9gQvuFfx1P', 'SjtPjDBwxB', 86, 'lgCGlXtrUS'),
('55', 95, 'nykIGQDzbq', 'yEtc7eSter', 20, 'ttNq0Kq1YE'),
('56', 33, 'jWGLgbrLOL', 'aMaxx3h1NB', 96, 'CKPT14yQCh'),
('57', 77, 'PZivgrw2qB', 'dpLd0OdF5g', 78, 'yIvz38ciI7'),
('58', 31, 'VNMd1K5eNZ', 'FZMjuXS8vH', 0, 'DyIKp5c8qW'),
('59', 86, 'wyVcdYdL46', 'hlA8tp0Cst', 95, 'xxMunmlQgP'),
('60', 75, 'RlybPhn0FJ', '33SU8iOGIK', 34, 'RafeqktPGq'),
('61', 39, 'myxy4ktMBZ', 'R4bwFfvh08', 43, 'wb2F1oKNZm'),
('62', 92, 'AZMzNAOERr', 'b11WunYchm', 33, 'o4Q7lXHar5'),
('63', 75, 'g5hYWWYEQf', 'qCxhjNMPuZ', 24, 'RaGAbCnzf3'),
('64', 1, 'VLuiEpndha', 'BYjsCEht8R', 33, '4lnDioEOs7'),
('65', 33, 'Or75RdDNv5', 'nTxEytU60l', 17, 'Ptmz87GvVr'),
('66', 85, '9zWvV2XxCW', 'dvJl887DHS', 87, 'uipTIggWXE'),
('67', 46, '2LeGMOxTBW', 'FcS3xM6vWH', 58, 'He5O4D2T0e'),
('68', 28, 'ynVt015S0t', '5odYFFcMau', 97, 'yr0zgpjfDN'),
('69', 94, '90jIlXTB2u', 'HaDi2KZhWy', 68, '63AO9HfoPj'),
('70', 42, 'NHsjl4q8Ew', '1lRWthKtGe', 64, 'XhdiVUJuBa'),
('71', 62, 'XqPXlLZQuo', '8PEqcRpoIV', 26, 'NeXYe7Jz7B'),
('72', 8, 'bkvQh4Lwjk', 'oRotafePW0', 11, 'WuFlPnG9iO'),
('73', 3, 'xIvWHRh1VI', 'RNUYVqqeoh', 78, 'qAM1SbxWen'),
('74', 56, 'ucKh0vEBK4', 'SkzVhWcJgo', 73, 'eKAcNEfWyS'),
('75', 99, 'AfhRNEEr6E', 'eqPy8A3Frn', 26, 'cYsxACXDsN'),
('76', 95, 'Fgc59DMg1S', '0UFU6gP0L1', 83, 'ACljnevZIc'),
('77', 8, 'KrVzrixii6', 'Tl2VS00JIW', 18, '8MdNBxUM0i'),
('78', 69, 'RqzV2bRZe0', 'OtXTb30LoS', 5, 'GTNeqIG5P3'),
('79', 56, 'sCZs4oeKzP', 'qDUwKHmheX', 35, 'Gozv3bYmah'),
('80', 9, 'rPJMARjmLa', 'WL2gjwwX7W', 48, 'E5l6AGHyJr'),
('81', 60, 'Ss7ZtPcdJo', '3oR5DPY6MK', 9, 'zmBOXPwQyJ'),
('82', 47, 'KWRltqPe4D', '3TZyh6WRIs', 47, 'hjCfKqPxpF'),
('83', 5, 'fZv5RrhewZ', 'Mpx57E3vlF', 3, '0O3AgTqiyT'),
('84', 99, '6TWW3k59MK', 'gMSFx4N1gF', 62, '0OqL1SJmtv'),
('85', 50, 'PLvhIqQnpC', 'LzMbXuqhKi', 90, 'zDyjyfp7Cq'),
('86', 29, '3i1bQjhLOL', '9EkQh8AOMo', 78, 'hzL5D06mrt'),
('87', 32, 'wNCAn2ylMz', 'YYjdDuWIIm', 99, 'In9H2Z6O6V'),
('88', 70, 'IRbXIaKTvV', 'wkAZL1jMWz', 12, 'tu6vsjsYz7'),
('89', 85, 'WdhTNaHuEX', '2HhB7kbe8h', 18, 'GuVAlO08zs'),
('90', 1, 'lQXOmQHcqL', 'uaTc7XLtga', 40, 'kn5yeM7J2W'),
('91', 38, 'IIGlHvcV3g', 'syEbFTMZfp', 28, 'MnxgfSETsg'),
('92', 54, 'ycJKtY2jGp', 't7cXmxXE6P', 34, 'HgPjV30F1x'),
('93', 22, 'Y7T2Ua7P1o', 'PRpSPGTop9', 32, 'Yg25phYiB1'),
('94', 36, '1kvYVWXd7s', 'eDlxzxsa6i', 54, 'ax3fbsecjT'),
('95', 2, 'gnrIKm0tE8', 'Xzhr7U926L', 56, 'fvthsQwx67'),
('96', 13, 'UUIG4olQ6L', 'mMmpicP8Jo', 41, 'A6alypSMAh'),
('97', 54, 'rnAOP7Zyvg', 'ai9WiMUYhU', 70, 'CUA2ULXZ6R'),
('98', 92, 'E0FP3VkLVH', 'RFuqRHqfwb', 35, 'F8RByxsGKr'),
('99', 42, '5GUY6U8RPr', '4kVnvMRCxu', 21, 'keX1tyk0wk'),
('100', 18, '8zc6vAnM6U', 'BYpmmZyoGG', 3, 'ife8Q2r55b'),
('101', 6, 'CAuCOPdqW4', 'GATsco1IDj', 17, '0In9LJDlYg'),
('102', 23, 'AelXiOEtkE', 'BOZkiOKLYG', 43, 'eTu3Ejl7Bd'),
('103', 89, 'Uji9mR3fgH', 'K7DhHxP2fW', 84, 'LMYeFwkqSD'),
('104', 87, 'hGrquCIC1M', 'YGGAY5Unyy', 63, 'rPSBBRIimd'),
('105', 91, 'MKnPrIHitv', 'LRhkuFzJhF', 80, '1kmGYyejQm'),
('106', 5, 'RrZNFcPVox', 'h3Bs16BADq', 81, 'jiKD86qpz3'),
('107', 47, 'WZCyGzEczm', 'KDFCnxGeIH', 62, 'o4891wRuNz'),
('108', 89, 'XD7836iRFO', 'JZ2tM9YlPu', 33, 'WYZFVVX9Bt'),
('109', 21, 'xHleT4v1f0', '8st2WVlA1U', 88, 'qKBsNgBH79'),
('110', 76, 'uAnNiwMIpE', '22xXTZW2qh', 29, 'kqR1msFOdi'),
('111', 24, 'BddEe2N9Tc', 'zvM1BdlmN8', 28, '7atUJdkFw8'),
('112', 92, 'dDbvu565eC', 'NjFOv3cQey', 23, 'j9YZrpog1d'),
('113', 58, 'CBnGac0HyB', '6wYi5RvyCZ', 63, 'aeauD7yzT0'),
('114', 85, 'jOgofGeMKS', 'hQjWcvemXe', 90, 'hbTIgHvmZz'),
('115', 31, 'XtPBnUysqK', '3JSX3pALrk', 16, 'cwvB9nKsO9'),
('116', 49, 'gkRuvJkDEO', 'T4nSVyi4sJ', 21, 'BFonX6s9Pb'),
('117', 34, 'xgYhhdi0Zp', 'r056FDWsV7', 26, 'JfIEVVzaq5'),
('118', 65, 'bbc8JKsLxB', 'kU5oEiLnsd', 58, 'ZOIICwJ7lU'),
('119', 70, '9DNkwDhWTb', 'GOPF4ZBZCk', 92, 'rIfcPzfXFK'),
('120', 67, 'tLoxXZdoAQ', '2ldnMCHrcW', 95, '4nsiyFvdkm'),
('121', 99, 'bTnFR2SZZK', 'nGNInULJnd', 80, 'mhPFI1um1H'),
('122', 65, 'giHvrUXjtP', '37RfxRnL22', 16, 'MYFM9rAfZZ'),
('123', 90, '8bs2r9MaGo', 'c2LMVmhfqe', 3, 'b03otE1JCG'),
('124', 97, 'wHui8Bk9tX', 'VAHs587mOX', 68, 'WltHKPw0j2'),
('125', 36, 'sNbL77XC7c', '6KCFdMGIx2', 42, 'y4UfYonzH1'),
('126', 41, 'BfFRku2wsu', '0Ry0TnsOiq', 11, 'eWSKckUZwH'),
('127', 6, 'U1Xml8bBmr', 'Jwk6mkCd26', 18, 'Hb8aLjamYw'),
('128', 2, 'dfM7yEagoL', 'ijBiuxYt52', 58, 'SgZh4JApuJ'),
('129', 90, 'T200Xtre8T', 'WnopjVtLUM', 96, 'gA1GTChueD'),
('130', 15, 'lACtR34CIc', '9XHJ4TTAcD', 40, 'JzwlCHWsTU'),
('131', 24, 'x4TEFaBNJ3', 'rt8cQfsi9S', 72, 'VifWqepUC3'),
('132', 11, 'W6tcf3mmkg', 'YHpNkdcA41', 0, 'QA0q65egYC'),
('133', 99, '5z4kbGHs5B', 'il7aVSpvRZ', 50, 'QtOfg6Osmy'),
('134', 17, '53DfJqUvqd', 'LPqXrkeN5w', 60, 'nmVhO0X6Ov'),
('135', 70, 'kP8ktYCMMD', 'NOOybRFAFu', 0, 'LJmDlIWJIL'),
('136', 66, 'YSsMz0keLs', 'nuJUU7lYRc', 40, 'KtlTdyBrOj'),
('137', 75, 'VgT8nImAWw', 'RKHTuaGT2T', 7, 'jdSTxEuKmq'),
('138', 58, 'cvEqda1vrQ', '4Ct5hdeOhn', 42, 'Tun7OrFPi1'),
('139', 34, 'LrYE1Khrks', 'IlHRRVN5Qj', 64, 'omyJLl12KJ'),
('140', 36, 'XqtAQOqsqs', 'TbIPVTjzRO', 78, 'NBNxParn86'),
('141', 67, 'w2vLuno9b5', 'ongomhXaIh', 35, 'yXPWRtERi3'),
('142', 15, 'OwhNnmDGoF', 'Ogo5TEyjCM', 13, 'ip2NxshzxC'),
('143', 61, 'n6hussudAj', 'DUj7bO20iO', 39, 'KsUpEhMoDS'),
('144', 90, '5n9678D6qI', 'CTGuvmDebx', 74, 'c0Zo1NKGYi'),
('145', 38, 'XJmAh9uiq1', 'TIC7z9MI71', 0, 'UccIEdyNef'),
('146', 80, 'YdvfeXEvF8', 'cAfplnCBOQ', 76, '6WFL9t7mL6'),
('147', 32, 'SBRsloFyT4', 'dZKQUHtRzC', 61, 'ppbJZS3WsW'),
('148', 57, 'G2waZUetkZ', 'SikMScyu6m', 45, 'URL1o48sxM'),
('149', 36, 'h1Dwh1okKl', 'AhkYyR6UFm', 60, 'vRKmHVf23R'),
('150', 33, 'aVbDGLl1hS', 'SPGMya4QZX', 96, 'zZwXGQzyGa'),
('151', 57, 'kLhLcbipMr', 'NLD09DF5aJ', 50, 'Z3QnuJ9kpk'),
('152', 44, 'KjrKe5z1GH', '13sjEzLa1I', 36, 'eq3TXt5a7l'),
('153', 46, 'lB7VTFA5Oe', 'iR8dhlv9YB', 1, 'edkFhUXQ3R'),
('154', 84, 'YolxArpZ9b', 't49dQGq0kY', 84, 'HGs3huusd5'),
('155', 74, 'SDK28LNUqB', 'ugju35JKZk', 96, 'Xtywecbbvv'),
('156', 3, 'dTjOCZ9OYw', 'Tu6HxAjB4Z', 93, '3pxiYSrF2F'),
('157', 82, 'PCntgVoOcg', 'Ib7dk78fWX', 19, 'qLENnNrFdM'),
('158', 12, 'HoBDryYTqM', 'BKVoJuAiFH', 13, 'qkon4pVe9P'),
('159', 19, 'SHVXScEZRK', 'mNfv9xPpeu', 10, '1dLDt6kc6N'),
('160', 90, 'xOIjTdwxtc', 'RwU5vwrceW', 26, 'qsdKkcIDg4'),
('161', 18, 'Dbz6xQq37B', 'UvZMqPB7Q9', 61, 'mzCZgpAK63'),
('162', 59, 'KaHJeB70nu', 'Dkj8q5MVpK', 41, '57UJGzUiyx'),
('163', 77, '25fbW6T7BW', 'wGe2nQLOjg', 2, 'pfyBHuBP1E'),
('164', 96, 'GRPXy08hS9', 'YUN2UXNTKR', 3, 'nsrgoB3iuM'),
('165', 85, '876E8teEyY', 'GeNcPAqlyX', 74, 'wSD31GljIa'),
('166', 66, 'DIXxper7jd', 'vNvigWNoUp', 91, '9IMlsSFm0u'),
('167', 52, 'gZkOZsQzIL', 'GcDfKyjVKV', 55, 'KGQptRT6hZ'),
('168', 72, 'rGiKLCvXRD', 'TLYCW6uiXX', 23, 'oxbk82pDOq'),
('169', 27, 'pVKxH7EqHk', 'ZEkKi7Xqse', 11, 'sB8tnRi6ps'),
('170', 51, 'dyay7kGmle', 'nleNqdx74N', 9, 'DLkZPJI2ED'),
('171', 73, 'yH1GaC1lDZ', 'v5QUUrFTsp', 23, 'MZb0JUdvXM'),
('172', 82, 'FCVCgHQqBP', 'btsKBuPxJv', 58, 'Pza9XCr6yx'),
('173', 82, 'OcYxIpjajk', 'NvGrJkjUmt', 7, 'D9c1dFZGD5'),
('174', 28, 'UwaLeqc87I', 'A7PKKezDTf', 63, 'FqFKbxoJ9q'),
('175', 94, 'f9vOx2q9jO', '1y1MYPbGGo', 6, '7GugpCOosX'),
('176', 12, 'fqlzC9AwDL', 'omaQ2NypSb', 44, 'zzDuOuRTDO'),
('177', 43, 'uB2QLviQWj', 'jgFThcSbsD', 82, 'NvciO6dX8s'),
('178', 43, 'MXWhpBAnTj', 'rIrARpWWTT', 72, 'ixBXiunre3'),
('179', 61, '86lnNXeQ9F', 'pE0KrY5zIE', 4, 'ZDzjsvNBuV'),
('180', 10, 'eAJrT2c134', 'NkPbvElGDl', 42, 'bTI3eCLTgX'),
('181', 48, '6v6ZTCq11e', '0lodPS8VNK', 64, 'yLCQaNUciP'),
('182', 86, 'nO9T7TIxH4', 'fHTOtN8Es0', 68, 'xIGObDJhxO'),
('183', 12, '2Iw1ElcXks', 'PT9P6Q6ghw', 3, '3XKdr8vm1W'),
('184', 74, 'tQG56T7w8w', '3xOCYakEmX', 66, 'UTlLuuIf6Y'),
('185', 78, 'ziDMc3jwKb', 'b580MwDE0R', 57, 'XjByiXlFJS'),
('186', 0, 'qBaHP2szgG', 'fojd9TVfkY', 34, 'TMWOImL5Gd'),
('187', 97, 'jij6BOnYns', 'd4m9cdfF5z', 71, 'WpQBTzusM1'),
('188', 33, 'lrWIvt2Zd2', 'Us5T3s6VSb', 40, 'YVEBl8mqj3'),
('189', 70, 'Wt9ItSxh4b', 'QyelsCQK96', 35, 'n7OEhZMVJE'),
('190', 92, 'H1Jrj6Q8N5', '0BpAGIW8QR', 40, '6Xcs6AHNym'),
('191', 67, 'b55sQNYmKi', '1s3oyRHzXY', 32, 'qq4ivcNemp'),
('192', 11, 'TVv55PIzoz', '4ZI2bNbPPL', 42, 'YZ7cOTwOS7'),
('193', 58, 'OXJWax09ae', 'pCht9csG4F', 59, '8j04IDqkOS'),
('194', 81, 'n3RDi1glYf', '16Csg1fPR4', 14, 'UyzoQG9DEG'),
('195', 5, '6AUB8O1adH', '2GOxKNNKGx', 35, 'VEIlIDneLz'),
('196', 63, 'vGrwYDTx06', 'WRBqaLC8rA', 1, 'bvHITTkIzO'),
('197', 4, 'EMQpgf4ok3', 'lpJvWmi2YZ', 31, '1VRyYlDQEh'),
('198', 14, 'KBhsCvEveT', 'aO3OOPOji0', 90, '1KMwXJZ1uR'),
('199', 13, 'AnSWcoGUQS', 'eGfdjYHgkN', 34, 'fnAORxVmVP'),
('200', 55, 'nexWz5M0Rt', 'lv4MOCalTm', 11, 'NcUlweD47V');
insert into album values
('29', '1', 18, 55),
('18', '2', 48, 63),
('155', '3', 75, 90),
('124', '4', 27, 62),
('133', '5', 43, 59),
('27', '6', 30, 65),
('142', '7', 98, 123),
('55', '8', 30, 70),
('30', '9', 41, 80),
('27', '10', 46, 60),
('2', '11', 87, 118),
('183', '12', 25, 44),
('168', '13', 31, 64),
('157', '14', 44, 75),
('43', '15', 10, 28),
('116', '16', 86, 102),
('32', '17', 25, 29),
('93', '18', 24, 58),
('67', '19', 84, 132),
('148', '20', 44, 65),
('107', '21', 62, 93),
('90', '22', 1, 24),
('9', '23', 61, 110),
('80', '24', 58, 65),
('95', '25', 71, 80),
('118', '26', 37, 50),
('144', '27', 74, 95),
('130', '28', 68, 76),
('66', '29', 45, 82),
('45', '30', 50, 61),
('132', '31', 96, 116),
('78', '32', 66, 90),
('35', '33', 66, 71),
('79', '34', 19, 64),
('39', '35', 25, 57),
('57', '36', 19, 68),
('189', '37', 72, 113),
('43', '38', 73, 93),
('129', '39', 98, 108),
('106', '40', 14, 48),
('58', '41', 53, 82),
('9', '42', 29, 53),
('149', '43', 17, 34),
('148', '44', 28, 59),
('197', '45', 79, 82),
('155', '46', 89, 119),
('15', '47', 50, 77),
('126', '48', 34, 67),
('96', '49', 16, 55),
('40', '50', 39, 80),
('44', '51', 70, 92),
('176', '52', 14, 29),
('13', '53', 91, 127),
('93', '54', 23, 27),
('154', '55', 4, 9),
('114', '56', 40, 73),
('128', '57', 87, 97),
('194', '58', 82, 105),
('190', '59', 53, 97),
('113', '60', 2, 28),
('50', '61', 20, 22),
('46', '62', 17, 61),
('92', '63', 90, 120),
('129', '64', 86, 127),
('145', '65', 24, 44),
('191', '66', 67, 91),
('72', '67', 15, 33),
('154', '68', 29, 50),
('19', '69', 67, 106),
('161', '70', 9, 53),
('83', '71', 3, 26),
('49', '72', 13, 45),
('106', '73', 63, 108),
('153', '74', 59, 67),
('145', '75', 68, 69),
('77', '76', 40, 70),
('74', '77', 52, 90),
('86', '78', 9, 15),
('70', '79', 90, 127),
('114', '80', 64, 113),
('151', '81', 12, 61),
('196', '82', 42, 88),
('113', '83', 96, 131),
('29', '84', 19, 40),
('130', '85', 55, 101),
('125', '86', 65, 68),
('40', '87', 10, 18),
('92', '88', 84, 89),
('186', '89', 26, 58),
('78', '90', 93, 120),
('155', '91', 2, 26),
('98', '92', 76, 77),
('8', '93', 30, 42),
('186', '94', 39, 72),
('125', '95', 94, 128),
('108', '96', 62, 76),
('27', '97', 17, 55),
('158', '98', 99, 135),
('59', '99', 83, 132),
('131', '100', 90, 128),
('75', '101', 76, 108),
('162', '102', 44, 62),
('89', '103', 57, 89),
('79', '104', 9, 58),
('66', '105', 35, 71),
('135', '106', 94, 103),
('113', '107', 74, 99),
('188', '108', 91, 129),
('60', '109', 58, 61),
('98', '110', 29, 57),
('172', '111', 85, 91),
('51', '112', 78, 105),
('184', '113', 33, 37),
('69', '114', 87, 90),
('62', '115', 9, 50),
('80', '116', 98, 133),
('15', '117', 64, 97),
('30', '118', 11, 31),
('1', '119', 47, 73),
('180', '120', 2, 46),
('98', '121', 30, 34),
('61', '122', 26, 62),
('2', '123', 45, 56),
('158', '124', 21, 56),
('193', '125', 51, 93),
('22', '126', 20, 69),
('178', '127', 64, 70),
('83', '128', 40, 40),
('190', '129', 24, 54),
('128', '130', 68, 94),
('5', '131', 49, 90),
('55', '132', 29, 39),
('128', '133', 63, 85),
('145', '134', 37, 75),
('102', '135', 76, 123),
('127', '136', 16, 23),
('44', '137', 97, 133),
('7', '138', 32, 68),
('67', '139', 90, 118),
('173', '140', 82, 121),
('111', '141', 97, 108),
('4', '142', 38, 38),
('76', '143', 49, 61),
('55', '144', 58, 101),
('159', '145', 14, 22),
('31', '146', 87, 116),
('190', '147', 78, 119),
('165', '148', 29, 74),
('80', '149', 61, 106),
('2', '150', 54, 64),
('22', '151', 51, 57),
('93', '152', 54, 56),
('146', '153', 72, 83),
('45', '154', 85, 93),
('145', '155', 23, 66),
('4', '156', 74, 109),
('72', '157', 47, 89),
('77', '158', 17, 66),
('80', '159', 60, 61),
('163', '160', 98, 146),
('29', '161', 34, 67),
('113', '162', 50, 90),
('72', '163', 24, 71),
('163', '164', 43, 74),
('151', '165', 4, 31),
('18', '166', 8, 39),
('199', '167', 96, 120),
('55', '168', 32, 38),
('102', '169', 84, 89),
('37', '170', 34, 52),
('34', '171', 5, 38),
('102', '172', 16, 42),
('126', '173', 45, 47),
('144', '174', 53, 88),
('147', '175', 80, 100),
('137', '176', 54, 66),
('24', '177', 8, 12),
('70', '178', 30, 77),
('15', '179', 38, 60),
('71', '180', 84, 85),
('193', '181', 34, 45),
('79', '182', 45, 78),
('53', '183', 2, 31),
('35', '184', 96, 142),
('64', '185', 23, 38),
('120', '186', 73, 110),
('107', '187', 71, 95),
('174', '188', 63, 112),
('187', '189', 59, 70),
('44', '190', 49, 94),
('82', '191', 38, 72),
('199', '192', 82, 101),
('140', '193', 99, 125),
('69', '194', 17, 25),
('130', '195', 40, 84),
('179', '196', 51, 59),
('157', '197', 76, 119),
('2', '198', 86, 86),
('167', '199', 8, 46),
('106', '200', 72, 81),
('163', '201', 65, 103),
('101', '202', 96, 98),
('74', '203', 89, 109),
('25', '204', 6, 25),
('39', '205', 51, 94),
('136', '206', 89, 113),
('52', '207', 96, 141),
('30', '208', 0, 21),
('176', '209', 11, 51),
('37', '210', 84, 118),
('140', '211', 41, 73),
('3', '212', 44, 65),
('157', '213', 31, 38),
('41', '214', 9, 47),
('138', '215', 47, 58),
('58', '216', 76, 123),
('71', '217', 73, 114),
('99', '218', 80, 122),
('132', '219', 58, 62),
('17', '220', 55, 77),
('20', '221', 1, 34),
('30', '222', 20, 34),
('189', '223', 65, 86),
('186', '224', 78, 110),
('135', '225', 70, 71),
('143', '226', 44, 53),
('189', '227', 70, 95),
('42', '228', 82, 100),
('51', '229', 34, 45),
('140', '230', 90, 133),
('83', '231', 66, 99),
('69', '232', 87, 133),
('15', '233', 79, 117),
('139', '234', 90, 131),
('95', '235', 2, 44),
('138', '236', 3, 4),
('28', '237', 98, 112),
('147', '238', 7, 27),
('83', '239', 51, 96),
('80', '240', 30, 47),
('162', '241', 2, 14),
('194', '242', 12, 34),
('42', '243', 52, 78),
('109', '244', 85, 97),
('73', '245', 8, 20),
('155', '246', 68, 88),
('24', '247', 16, 40),
('126', '248', 59, 91),
('44', '249', 71, 74),
('106', '250', 56, 103),
('112', '251', 47, 87),
('56', '252', 43, 80),
('192', '253', 51, 100),
('95', '254', 35, 46),
('148', '255', 87, 107),
('90', '256', 44, 85),
('155', '257', 76, 105),
('173', '258', 9, 14),
('87', '259', 17, 31),
('45', '260', 35, 66),
('64', '261', 58, 103),
('44', '262', 16, 48),
('190', '263', 88, 126),
('154', '264', 47, 87),
('7', '265', 95, 117),
('114', '266', 35, 45),
('13', '267', 82, 123),
('7', '268', 60, 79),
('122', '269', 53, 86),
('98', '270', 9, 40),
('37', '271', 10, 18),
('189', '272', 70, 103),
('19', '273', 42, 75),
('7', '274', 79, 98),
('19', '275', 75, 109),
('128', '276', 74, 96),
('33', '277', 62, 70),
('169', '278', 64, 70),
('92', '279', 55, 77),
('116', '280', 19, 61),
('130', '281', 16, 24),
('97', '282', 89, 114),
('67', '283', 39, 56),
('64', '284', 58, 94),
('83', '285', 64, 86),
('36', '286', 13, 24),
('12', '287', 11, 32),
('83', '288', 67, 110),
('115', '289', 57, 95),
('185', '290', 50, 80),
('146', '291', 5, 22),
('32', '292', 43, 57),
('22', '293', 32, 58),
('23', '294', 13, 32),
('45', '295', 8, 21),
('199', '296', 91, 138),
('46', '297', 93, 130),
('152', '298', 0, 18),
('80', '299', 36, 76),
('161', '300', 16, 62);
insert into photo values
(1, '4ABeR8a8AN', 'kqcvUrMmub', 529, 94, 122),
(2, 'NNaGR9tH2n', 'GdAaVODLQD', 548, 97, 117),
(3, 'wSsFR1CNia', 'UEdJlMLGVD', 56, 60, 65),
(4, 'pLlUo8mtor', 'I62buhkkrf', 204, 63, 98),
(5, 'C7VEDEoleX', 'yHiyVtD2eu', 800, 75, 112),
(6, 'egaOOjnLDI', 'P8iq6S7zln', 231, 95, 136),
(7, 'EAisTxc4nx', 'rce1sZgIR1', 940, 90, 127),
(8, 'AsM0OYwVzo', 'toYgRu7h2p', 782, 2, 38),
(9, 'y68pFA8uiK', 'ksYMFKd2uR', 945, 72, 103),
(10, 'JpxiQCUQIn', 'tlBimyoZNE', 513, 77, 100),
(11, '8dTsTTwwNk', 'qzQxzoF9x3', 0, 64, 106),
(12, 'g5oLXtRQVB', '7F5EUyiwdx', 862, 60, 73),
(13, 'Bd9vOPMMuX', 'RQ8WFhiRRD', 348, 54, 97),
(14, 'qDTdhHVMER', 'A2aAVTMaFn', 360, 39, 52),
(15, 'IOulW048CO', '6xXNUWHxjV', 633, 17, 66),
(16, 'DSjWHwTM66', 'M0AXrdj6X4', 782, 83, 88),
(17, 'zIuq9Bj9YI', 'E8YlMb19k4', 308, 9, 47),
(18, 'ltdrlstige', 'TWCfHwCsSR', 184, 56, 94),
(19, 'UcP4RJs3UX', 'qraDX0WJg1', 549, 97, 106),
(20, 'Rvsdxu5txT', 'k0v0MDaA3i', 918, 7, 56),
(21, 'vufM78Ivp7', 'BRejPSIfKW', 13, 91, 92),
(22, 'afP8qhxW2t', '3fbQwUbWzX', 378, 68, 110),
(23, 'vxcylO5apK', '8HHRvy8PD5', 661, 89, 135),
(24, 'oilsL1M3KD', 'UxOPRzHGIn', 348, 25, 40),
(25, 'qbZhfnhtvh', 'uOzO4nQyT1', 903, 1, 12),
(26, 'vHoulK2NWY', 'k8AxpmkITA', 36, 38, 69),
(27, '60g5VTLEht', 'TtPm07hBe0', 112, 49, 79),
(28, 'DY433YNmaO', 'YOiFGceC8P', 506, 4, 46),
(29, 'S6nAkzqytJ', 'uDgZcTtlQS', 140, 25, 33),
(30, '8NxvwHOvx0', 'RsJPHjJ3QN', 85, 8, 50),
(31, 'rU2OMxxjEp', 'IOIG0wbops', 345, 88, 117),
(32, 'RL1aBJiTsW', 'Pb3IfST0rm', 680, 40, 42),
(33, '0CMbZZx5vT', 'zi8pSlL0nV', 351, 57, 99),
(34, 'OOPxwPqhLV', 'UQAwoWqdtB', 536, 46, 57),
(35, 'xmd4ghMo2s', 'C7GdiSvmiD', 738, 85, 89),
(36, 'eSDTIOMp9y', '6kYdtvLWV0', 611, 19, 36),
(37, 'RZPKxDr8Go', 'BJhqBebDPO', 211, 29, 51),
(38, '0MwJ0ysius', 'yqpdwdyLML', 15, 61, 95),
(39, 'uxmTu2Pz7F', 'MgRYAYO2sq', 414, 97, 143),
(40, 'uxUfg8VO2Y', '5UWWLdRaaa', 767, 5, 29),
(41, 'ECgygiAGdE', '1dKjtqzsAO', 700, 15, 21),
(42, 'gsMJryygQY', 'dkxlOMeCPm', 543, 21, 45),
(43, 'IM3Qcvz8xg', 'HapaOBO35W', 203, 38, 41),
(44, 'b4uFNcQGOF', 'GfrxGTVmU6', 218, 81, 105),
(45, 'xdytNUTZpo', 'Nw8hbeEF5W', 890, 90, 94),
(46, 'x7Dcwfi6gb', 'DsJYKPHwSU', 491, 10, 30),
(47, 'leLDZHVBY3', 'qgG7wVv2wO', 265, 4, 11),
(48, 'qadFSimJtT', 'ENBrW22YM6', 946, 46, 53),
(49, 'hOD5zsfyQw', 'fXKKpB1jhO', 916, 71, 109),
(50, 'MEbUR4yH5T', 'zEzP1naikm', 783, 88, 101),
(51, 'pIWLudEnIX', 'UVcYueBgkh', 538, 29, 29),
(52, 'fdX9lQIhxi', 'trak5LM3b1', 310, 74, 117),
(53, 'H2vOEy9meV', '0j8gfTbnFH', 393, 21, 48),
(54, 'EJsSzfRFwB', 'sB9w7Jj01I', 727, 97, 106),
(55, 'lWtvEhNlRG', 'ylavhQVoUj', 276, 7, 51),
(56, 'Q7A9GHqBb2', '9WnGTAkjP9', 660, 24, 48),
(57, 'JA4cbcgskj', 'otOsFNNs1W', 115, 66, 104),
(58, 'RKksWrHwFY', 'mer9R2q9T5', 166, 44, 61),
(59, 'dlfTOoNRKa', 'NH8GRCxg97', 564, 90, 137),
(60, 'qnMXL02rUr', 'k8DqmpdF7C', 263, 21, 56),
(61, 'GJPdL4prhI', 'MVLprf9kXB', 987, 92, 109),
(62, 'xtCgUbAg0c', 'tWjIK0SkgZ', 718, 34, 67),
(63, 'Jfh73iUW7S', 'i8nnSaXf1U', 522, 70, 84),
(64, 'Q3kd90X9fE', 'LIrCPs431W', 605, 99, 113),
(65, '0n7xHR0rma', 'bSB39aGpU0', 703, 98, 123),
(66, 'cB9H3Xrr0S', '8h6qYl43Qo', 206, 45, 94),
(67, 'yCpM7RKrD7', 'tLX2imiDrw', 839, 44, 47),
(68, 'dydznhbKb5', 'J9wCBRLSn2', 174, 8, 13),
(69, 'Ss1fC8O3bC', 'N0CfoBRjz5', 823, 52, 54),
(70, 'C3ZLtowBls', 'Dj5o9U8sL9', 335, 90, 96),
(71, 'EfIBNrLf4g', 'XMDYfOvtQJ', 250, 97, 119),
(72, 'nzGcbKudh2', 'i7mwx4oN3r', 631, 81, 91),
(73, 'hcJf9x22Bj', 'YAPiiDLc01', 95, 93, 133),
(74, 'xeCiE5iWdO', 'SHWnPUr2vr', 172, 87, 95),
(75, 'SWaqY35X8k', '9tjqHFxUYC', 68, 45, 85),
(76, '18pUnCRzo1', 'YEDtPMAnhF', 30, 86, 122),
(77, 'ZlodzRDmCS', 'c0WWKAD0KQ', 776, 17, 46),
(78, 'qLKxpyRgyA', '5ptAwsCEAB', 469, 60, 92),
(79, '3FOI2FerOo', 'k5WNrx4LrF', 893, 80, 118),
(80, '5C2PX6pF6l', 't7odoG2Mcz', 936, 90, 125),
(81, 'i2lCAsI4MG', '2S45v3WgFe', 303, 34, 78),
(82, 'ttagGgVq9o', 'HVuYhVPxcc', 611, 27, 39),
(83, 'H8AWIpOwQC', 'MvMlp7T6fb', 661, 5, 54),
(84, 'xyKlzWCDRQ', 'hqZdSmQK2f', 557, 31, 59),
(85, '4frbX8IqSD', '1SujJLglnO', 79, 41, 86),
(86, 'Kgy8weepiy', 'HBjSCgvw7X', 169, 83, 100),
(87, 'xVy9CEn9VV', '19yRm1h2F8', 516, 51, 83),
(88, 'OxGK0bUGGq', '8Pz1Mbaq32', 975, 4, 28),
(89, '2IXueXAPqb', 'MJGMtuhzZj', 606, 8, 40),
(90, 'XrxHg70rH5', 'MLQdFb0YGd', 471, 6, 18),
(91, 'vZ7rDVMu4y', 'W6kjl1PlMI', 580, 6, 55),
(92, 'k46ARMV5NZ', 'G6D76IMIES', 83, 63, 93),
(93, 'ol1MVouuOq', 'AWGo4rgvq2', 820, 79, 122),
(94, 'sVVKrE9s0a', 'P1UcjC2QeI', 475, 29, 44),
(95, '5zRIUYKVjn', '508nWMAfJU', 382, 6, 9),
(96, 'VVtYjbnHzA', 'fDVxsErajw', 737, 64, 74),
(97, '87mS6kNjUH', 'ydF70NZMaa', 299, 17, 44),
(98, 'vUaC5wGJTC', 'bXPyhWyd6m', 390, 70, 92),
(99, 'rhKBF9VvAU', 'VpU5O3mdqX', 5, 22, 32),
(100, 'F6MxgQyhRZ', 'CKxVU4scOy', 48, 8, 40);
insert into contain values
('210', 12),
('64', 79),
('213', 6),
('160', 76),
('12', 22),
('187', 82),
('242', 36),
('154', 86),
('159', 1),
('67', 89),
('143', 97),
('123', 84),
('157', 11),
('46', 64),
('40', 0),
('86', 38),
('76', 92),
('45', 74),
('218', 50),
('68', 42),
('26', 3),
('181', 82),
('174', 94),
('236', 61),
('195', 19),
('98', 98),
('149', 94),
('32', 6),
('65', 99),
('24', 72),
('14', 29),
('174', 99),
('186', 12),
('184', 54),
('22', 72),
('68', 57),
('149', 51),
('171', 1),
('107', 19),
('131', 97),
('137', 70),
('127', 90),
('126', 14),
('87', 7),
('203', 97),
('255', 86),
('8', 54),
('249', 3),
('48', 27),
('19', 87),
('87', 8),
('95', 64),
('9', 88),
('165', 82),
('106', 50),
('171', 62),
('192', 46),
('16', 74),
('276', 67),
('156', 89),
('229', 82),
('181', 16),
('77', 29),
('7', 42),
('266', 45),
('173', 63),
('257', 89),
('14', 27),
('1', 90),
('107', 58),
('83', 52),
('152', 92),
('146', 20),
('64', 94),
('282', 15),
('151', 98),
('70', 61),
('73', 26),
('78', 12),
('267', 81),
('128', 67),
('294', 3),
('227', 85),
('281', 63),
('87', 8),
('134', 4),
('1', 58),
('13', 55),
('278', 43),
('8', 33),
('210', 63),
('27', 13),
('246', 7),
('227', 46),
('134', 48),
('275', 42),
('15', 73),
('206', 90),
('50', 91),
('284', 94);

