drop database test;
 create database test;
 use test;
create table user (username varchar(20), age integer, firstname varchar(20),lastname varchar(20), height integer, hometown varchar(20));
create table album (owner varchar(20), albumname varchar(20), created integer, modified integer);
create table photo(picid integer, description varchar(20), caption varchar(20), views integer, created integer, modified integer);
create table contain(albuname varchar(20), picid integer);
insert into user values
('1', 15, 'uFmwyrxMfc', 'd61YVto18K', 29, 'Wz8XzlDzgH'),
('2', 22, 'Me1lM1KAVG', 'Jwn3op7EQp', 79, 'l4wDJTTmm9'),
('3', 84, 'WQcGQJU3FY', 'ucpoYr5TP8', 38, 'GqKVKaJ7R4'),
('4', 67, 'USobUfBP3t', 'uyq7t0u4sS', 88, 'bdTkBdp4MQ'),
('5', 24, 'PJAdrBhuIr', 'VutANQrHjm', 1, 'aruy1veICu'),
('6', 49, 'WIwGsUmMvf', '7mmPUujkPG', 13, '2QnLuqgUkK'),
('7', 97, 'solX96yDIV', 'XGjBgxfM99', 92, 'vr7RfQ17Mf'),
('8', 41, 'oORnqktpYZ', 'rOj3C9xOBn', 49, 'Ok1chCC7IB'),
('9', 77, 'X512mTMvEF', 'Gh7S9TK0Pz', 3, 'EB3kjbJ8QN'),
('10', 83, '0VOMHV74gu', 'n9rAP6nhxx', 53, 'j9BqMpEtlT'),
('11', 75, 'iwWapYUIFx', 'VvCA4q45da', 15, 'NO5peEIpFt'),
('12', 62, 'uZmjLLtlr6', 'oUv0WxH0ov', 96, 'V0WXGnbOsF'),
('13', 29, 'twVa0qhET5', 'AKHpXQ28ca', 73, 'nevGStFL2o'),
('14', 73, 'QV1BzhxdAs', 'jhT3PBPFcO', 9, 'GyyJnXEt0g'),
('15', 93, 'V8W0ewq3Nu', 'letgD5r99k', 78, 'egkZFZOJ6V'),
('16', 59, 'qLDJhELvOJ', 'DrNnMZo0Ex', 62, 'NmJia5vqWK'),
('17', 30, 'VT8tqy6wjN', 'o4mDdz4bwS', 19, 'iQYkDXY3nD'),
('18', 99, 'Xe64Yoqcwq', 'hrAVUAcVXL', 22, 'X0rRgdQPkr'),
('19', 12, 'UlhLEonHUd', 'oOypC3Bkzh', 40, 'fnMDgWtMIh'),
('20', 35, 'gBf2SW7imU', 'sJoBB5c4iw', 84, 'UwbwdotiuD'),
('21', 37, 'qlyJ4npHi4', 'BeWzZ6BTnX', 31, 'tgF5JnhIQd'),
('22', 61, 'fmlXtUt2vP', '2OT5XvBnCV', 98, 'BRkueZ5LHD'),
('23', 42, '9fAIc0Up4j', 'LJppR8JZhm', 65, 'LbfaYRX31m'),
('24', 11, 'u6MjaJ8D68', 'n5QBHhFW3g', 50, 'vj7hxDeIKi'),
('25', 3, 'U4JuI9XiVb', 'HQWNmfAJxd', 24, 'KCmUdgL56m'),
('26', 0, '6zMFKPVE8i', 'jz5DDxOFCZ', 30, 'G5gWv9XnfC'),
('27', 83, 'B3APWLVcEA', 'TxU9EExpXp', 2, 'mfK0GRn1oS'),
('28', 47, '5dLWbutKjz', '5aapFx3vVn', 33, '5Sd7OUzujm'),
('29', 57, 'crbtmettCL', 'dcn3Bts2Zj', 93, 'VV31VY5kQY'),
('30', 70, 'lcqn1JVAil', '0nPSjMCt1F', 20, 'n2dXbiNauh'),
('31', 52, 'rd0o61EP2z', 'DVyWFIeVav', 29, '7Cc61mlOcV'),
('32', 34, 'yKmnZVYXXu', 't8EpnAUIX2', 56, 'X1nrhHC16v'),
('33', 1, 'VU6qYFC3T4', 'V94dWg5G0m', 3, 'OCJiVJGKMn'),
('34', 58, 'L9bIWmXQTc', 'HjDkGh5mjM', 16, 'ZMM3rIeaXE'),
('35', 41, 'GUHqE8xmLI', 'sWNnOt4yCE', 33, 'scszyLdyYf'),
('36', 10, '9D6qsqwioi', 'KR71osCprG', 72, 'BnXma8RGTg'),
('37', 55, 'to1GxTOjIh', 'GTcIGtZJaN', 11, 'IlMbelumnf'),
('38', 36, 'HVIkv8Lt1b', 'aJWCtxTsi5', 78, 'TRLEP0k6IM'),
('39', 58, 'nqk1ElJntn', 'JHa999yxbw', 60, 'lMLpml68gZ'),
('40', 79, 'q1ALFF1XLu', 'QSjUcVH4Ci', 26, 'hCqtkqeWiB'),
('41', 75, 'JwTX4MZJBL', 'tmNgrdFj1Y', 20, 'ANsiQ3vvAB'),
('42', 86, '4OB9Si6KPE', 'muhUFFtW2y', 96, 'p4pQ0axup9'),
('43', 0, 'xSVVFTNXsf', 'F5XerbOQ2q', 0, 'VuWyT65KA3'),
('44', 57, 'sRW8aoqSA1', 'aa3zUIyG5e', 14, 'Iil2rhlFPA'),
('45', 65, '76JZLVJmUW', '9oepG72iHd', 60, 'XqbxAs2Zdl'),
('46', 70, 'nAho7a4TVL', 'c8R9uI3EPL', 66, 'prXVw5JatP'),
('47', 25, 'TmHAUDDG5P', 'zq9TBqvCwp', 67, 'KgQzr8ioce'),
('48', 38, 'J8UDdstpWA', 'fGxbfXKqNs', 62, 'cmMVG54fd0'),
('49', 23, 's1wiG3edTd', 'UicyyBNpu5', 94, 'aTx6P4LhcQ'),
('50', 39, 'wMk0Z0aUDO', 'hn3pKy1FoZ', 46, 'vyC2FkkNsX'),
('51', 68, 'F3037eA0wP', 'TRD9jwpQaG', 43, 'f62ttPu4Fa'),
('52', 95, 'KdEoU8VhIe', '8Rh8C1yKwE', 43, 'GJaKoRka9o'),
('53', 51, 'IAspa4IFov', 'j5CKDt0bKK', 96, '3mBEN1E3U8'),
('54', 25, '9gQvuFfx1P', 'SjtPjDBwxB', 86, 'lgCGlXtrUS'),
('55', 95, 'nykIGQDzbq', 'yEtc7eSter', 20, 'ttNq0Kq1YE'),
('56', 33, 'jWGLgbrLOL', 'aMaxx3h1NB', 96, 'CKPT14yQCh'),
('57', 77, 'PZivgrw2qB', 'dpLd0OdF5g', 78, 'yIvz38ciI7'),
('58', 31, 'VNMd1K5eNZ', 'FZMjuXS8vH', 0, 'DyIKp5c8qW'),
('59', 86, 'wyVcdYdL46', 'hlA8tp0Cst', 95, 'xxMunmlQgP'),
('60', 75, 'RlybPhn0FJ', '33SU8iOGIK', 34, 'RafeqktPGq'),
('61', 39, 'myxy4ktMBZ', 'R4bwFfvh08', 43, 'wb2F1oKNZm'),
('62', 92, 'AZMzNAOERr', 'b11WunYchm', 33, 'o4Q7lXHar5'),
('63', 75, 'g5hYWWYEQf', 'qCxhjNMPuZ', 24, 'RaGAbCnzf3'),
('64', 1, 'VLuiEpndha', 'BYjsCEht8R', 33, '4lnDioEOs7'),
('65', 33, 'Or75RdDNv5', 'nTxEytU60l', 17, 'Ptmz87GvVr'),
('66', 85, '9zWvV2XxCW', 'dvJl887DHS', 87, 'uipTIggWXE'),
('67', 46, '2LeGMOxTBW', 'FcS3xM6vWH', 58, 'He5O4D2T0e'),
('68', 28, 'ynVt015S0t', '5odYFFcMau', 97, 'yr0zgpjfDN'),
('69', 94, '90jIlXTB2u', 'HaDi2KZhWy', 68, '63AO9HfoPj'),
('70', 42, 'NHsjl4q8Ew', '1lRWthKtGe', 64, 'XhdiVUJuBa'),
('71', 62, 'XqPXlLZQuo', '8PEqcRpoIV', 26, 'NeXYe7Jz7B'),
('72', 8, 'bkvQh4Lwjk', 'oRotafePW0', 11, 'WuFlPnG9iO'),
('73', 3, 'xIvWHRh1VI', 'RNUYVqqeoh', 78, 'qAM1SbxWen'),
('74', 56, 'ucKh0vEBK4', 'SkzVhWcJgo', 73, 'eKAcNEfWyS'),
('75', 99, 'AfhRNEEr6E', 'eqPy8A3Frn', 26, 'cYsxACXDsN'),
('76', 95, 'Fgc59DMg1S', '0UFU6gP0L1', 83, 'ACljnevZIc'),
('77', 8, 'KrVzrixii6', 'Tl2VS00JIW', 18, '8MdNBxUM0i'),
('78', 69, 'RqzV2bRZe0', 'OtXTb30LoS', 5, 'GTNeqIG5P3'),
('79', 56, 'sCZs4oeKzP', 'qDUwKHmheX', 35, 'Gozv3bYmah'),
('80', 9, 'rPJMARjmLa', 'WL2gjwwX7W', 48, 'E5l6AGHyJr'),
('81', 60, 'Ss7ZtPcdJo', '3oR5DPY6MK', 9, 'zmBOXPwQyJ'),
('82', 47, 'KWRltqPe4D', '3TZyh6WRIs', 47, 'hjCfKqPxpF'),
('83', 5, 'fZv5RrhewZ', 'Mpx57E3vlF', 3, '0O3AgTqiyT'),
('84', 99, '6TWW3k59MK', 'gMSFx4N1gF', 62, '0OqL1SJmtv'),
('85', 50, 'PLvhIqQnpC', 'LzMbXuqhKi', 90, 'zDyjyfp7Cq'),
('86', 29, '3i1bQjhLOL', '9EkQh8AOMo', 78, 'hzL5D06mrt'),
('87', 32, 'wNCAn2ylMz', 'YYjdDuWIIm', 99, 'In9H2Z6O6V'),
('88', 70, 'IRbXIaKTvV', 'wkAZL1jMWz', 12, 'tu6vsjsYz7'),
('89', 85, 'WdhTNaHuEX', '2HhB7kbe8h', 18, 'GuVAlO08zs'),
('90', 1, 'lQXOmQHcqL', 'uaTc7XLtga', 40, 'kn5yeM7J2W'),
('91', 38, 'IIGlHvcV3g', 'syEbFTMZfp', 28, 'MnxgfSETsg'),
('92', 54, 'ycJKtY2jGp', 't7cXmxXE6P', 34, 'HgPjV30F1x'),
('93', 22, 'Y7T2Ua7P1o', 'PRpSPGTop9', 32, 'Yg25phYiB1'),
('94', 36, '1kvYVWXd7s', 'eDlxzxsa6i', 54, 'ax3fbsecjT'),
('95', 2, 'gnrIKm0tE8', 'Xzhr7U926L', 56, 'fvthsQwx67'),
('96', 13, 'UUIG4olQ6L', 'mMmpicP8Jo', 41, 'A6alypSMAh'),
('97', 54, 'rnAOP7Zyvg', 'ai9WiMUYhU', 70, 'CUA2ULXZ6R'),
('98', 92, 'E0FP3VkLVH', 'RFuqRHqfwb', 35, 'F8RByxsGKr'),
('99', 42, '5GUY6U8RPr', '4kVnvMRCxu', 21, 'keX1tyk0wk'),
('100', 18, '8zc6vAnM6U', 'BYpmmZyoGG', 3, 'ife8Q2r55b'),
('101', 6, 'CAuCOPdqW4', 'GATsco1IDj', 17, '0In9LJDlYg'),
('102', 23, 'AelXiOEtkE', 'BOZkiOKLYG', 43, 'eTu3Ejl7Bd'),
('103', 89, 'Uji9mR3fgH', 'K7DhHxP2fW', 84, 'LMYeFwkqSD'),
('104', 87, 'hGrquCIC1M', 'YGGAY5Unyy', 63, 'rPSBBRIimd'),
('105', 91, 'MKnPrIHitv', 'LRhkuFzJhF', 80, '1kmGYyejQm'),
('106', 5, 'RrZNFcPVox', 'h3Bs16BADq', 81, 'jiKD86qpz3'),
('107', 47, 'WZCyGzEczm', 'KDFCnxGeIH', 62, 'o4891wRuNz'),
('108', 89, 'XD7836iRFO', 'JZ2tM9YlPu', 33, 'WYZFVVX9Bt'),
('109', 21, 'xHleT4v1f0', '8st2WVlA1U', 88, 'qKBsNgBH79'),
('110', 76, 'uAnNiwMIpE', '22xXTZW2qh', 29, 'kqR1msFOdi'),
('111', 24, 'BddEe2N9Tc', 'zvM1BdlmN8', 28, '7atUJdkFw8'),
('112', 92, 'dDbvu565eC', 'NjFOv3cQey', 23, 'j9YZrpog1d'),
('113', 58, 'CBnGac0HyB', '6wYi5RvyCZ', 63, 'aeauD7yzT0'),
('114', 85, 'jOgofGeMKS', 'hQjWcvemXe', 90, 'hbTIgHvmZz'),
('115', 31, 'XtPBnUysqK', '3JSX3pALrk', 16, 'cwvB9nKsO9'),
('116', 49, 'gkRuvJkDEO', 'T4nSVyi4sJ', 21, 'BFonX6s9Pb'),
('117', 34, 'xgYhhdi0Zp', 'r056FDWsV7', 26, 'JfIEVVzaq5'),
('118', 65, 'bbc8JKsLxB', 'kU5oEiLnsd', 58, 'ZOIICwJ7lU'),
('119', 70, '9DNkwDhWTb', 'GOPF4ZBZCk', 92, 'rIfcPzfXFK'),
('120', 67, 'tLoxXZdoAQ', '2ldnMCHrcW', 95, '4nsiyFvdkm'),
('121', 99, 'bTnFR2SZZK', 'nGNInULJnd', 80, 'mhPFI1um1H'),
('122', 65, 'giHvrUXjtP', '37RfxRnL22', 16, 'MYFM9rAfZZ'),
('123', 90, '8bs2r9MaGo', 'c2LMVmhfqe', 3, 'b03otE1JCG'),
('124', 97, 'wHui8Bk9tX', 'VAHs587mOX', 68, 'WltHKPw0j2'),
('125', 36, 'sNbL77XC7c', '6KCFdMGIx2', 42, 'y4UfYonzH1'),
('126', 41, 'BfFRku2wsu', '0Ry0TnsOiq', 11, 'eWSKckUZwH'),
('127', 6, 'U1Xml8bBmr', 'Jwk6mkCd26', 18, 'Hb8aLjamYw'),
('128', 2, 'dfM7yEagoL', 'ijBiuxYt52', 58, 'SgZh4JApuJ'),
('129', 90, 'T200Xtre8T', 'WnopjVtLUM', 96, 'gA1GTChueD'),
('130', 15, 'lACtR34CIc', '9XHJ4TTAcD', 40, 'JzwlCHWsTU'),
('131', 24, 'x4TEFaBNJ3', 'rt8cQfsi9S', 72, 'VifWqepUC3'),
('132', 11, 'W6tcf3mmkg', 'YHpNkdcA41', 0, 'QA0q65egYC'),
('133', 99, '5z4kbGHs5B', 'il7aVSpvRZ', 50, 'QtOfg6Osmy'),
('134', 17, '53DfJqUvqd', 'LPqXrkeN5w', 60, 'nmVhO0X6Ov'),
('135', 70, 'kP8ktYCMMD', 'NOOybRFAFu', 0, 'LJmDlIWJIL'),
('136', 66, 'YSsMz0keLs', 'nuJUU7lYRc', 40, 'KtlTdyBrOj'),
('137', 75, 'VgT8nImAWw', 'RKHTuaGT2T', 7, 'jdSTxEuKmq'),
('138', 58, 'cvEqda1vrQ', '4Ct5hdeOhn', 42, 'Tun7OrFPi1'),
('139', 34, 'LrYE1Khrks', 'IlHRRVN5Qj', 64, 'omyJLl12KJ'),
('140', 36, 'XqtAQOqsqs', 'TbIPVTjzRO', 78, 'NBNxParn86'),
('141', 67, 'w2vLuno9b5', 'ongomhXaIh', 35, 'yXPWRtERi3'),
('142', 15, 'OwhNnmDGoF', 'Ogo5TEyjCM', 13, 'ip2NxshzxC'),
('143', 61, 'n6hussudAj', 'DUj7bO20iO', 39, 'KsUpEhMoDS'),
('144', 90, '5n9678D6qI', 'CTGuvmDebx', 74, 'c0Zo1NKGYi'),
('145', 38, 'XJmAh9uiq1', 'TIC7z9MI71', 0, 'UccIEdyNef'),
('146', 80, 'YdvfeXEvF8', 'cAfplnCBOQ', 76, '6WFL9t7mL6'),
('147', 32, 'SBRsloFyT4', 'dZKQUHtRzC', 61, 'ppbJZS3WsW'),
('148', 57, 'G2waZUetkZ', 'SikMScyu6m', 45, 'URL1o48sxM'),
('149', 36, 'h1Dwh1okKl', 'AhkYyR6UFm', 60, 'vRKmHVf23R'),
('150', 33, 'aVbDGLl1hS', 'SPGMya4QZX', 96, 'zZwXGQzyGa'),
('151', 57, 'kLhLcbipMr', 'NLD09DF5aJ', 50, 'Z3QnuJ9kpk'),
('152', 44, 'KjrKe5z1GH', '13sjEzLa1I', 36, 'eq3TXt5a7l'),
('153', 46, 'lB7VTFA5Oe', 'iR8dhlv9YB', 1, 'edkFhUXQ3R'),
('154', 84, 'YolxArpZ9b', 't49dQGq0kY', 84, 'HGs3huusd5'),
('155', 74, 'SDK28LNUqB', 'ugju35JKZk', 96, 'Xtywecbbvv'),
('156', 3, 'dTjOCZ9OYw', 'Tu6HxAjB4Z', 93, '3pxiYSrF2F'),
('157', 82, 'PCntgVoOcg', 'Ib7dk78fWX', 19, 'qLENnNrFdM'),
('158', 12, 'HoBDryYTqM', 'BKVoJuAiFH', 13, 'qkon4pVe9P'),
('159', 19, 'SHVXScEZRK', 'mNfv9xPpeu', 10, '1dLDt6kc6N'),
('160', 90, 'xOIjTdwxtc', 'RwU5vwrceW', 26, 'qsdKkcIDg4');
insert into album values
('158', '1', 92, 104),
('12', '2', 63, 64),
('55', '3', 85, 114),
('21', '4', 65, 83),
('152', '5', 14, 34),
('45', '6', 88, 103),
('7', '7', 80, 120),
('10', '8', 13, 59),
('128', '9', 13, 54),
('143', '10', 88, 136),
('20', '11', 98, 109),
('24', '12', 9, 24),
('10', '13', 94, 125),
('150', '14', 26, 48),
('80', '15', 45, 65),
('78', '16', 77, 123),
('39', '17', 72, 110),
('137', '18', 63, 106),
('126', '19', 17, 21),
('64', '20', 59, 78),
('118', '21', 7, 40),
('36', '22', 24, 28),
('21', '23', 22, 29),
('41', '24', 36, 42),
('26', '25', 47, 54),
('64', '26', 41, 71),
('44', '27', 14, 32),
('6', '28', 77, 114),
('82', '29', 91, 135),
('99', '30', 20, 44),
('153', '31', 77, 84),
('52', '32', 86, 102),
('143', '33', 94, 139),
('82', '34', 50, 72),
('154', '35', 19, 60),
('78', '36', 25, 25),
('9', '37', 36, 78),
('152', '38', 59, 82),
('157', '39', 94, 103),
('110', '40', 66, 109),
('50', '41', 2, 25),
('57', '42', 61, 101),
('99', '43', 37, 86),
('102', '44', 27, 56),
('147', '45', 76, 106),
('96', '46', 62, 90),
('72', '47', 25, 35),
('131', '48', 31, 41),
('93', '49', 84, 113),
('137', '50', 82, 96),
('6', '51', 86, 95),
('102', '52', 91, 134),
('62', '53', 61, 78),
('84', '54', 15, 62),
('32', '55', 90, 133),
('103', '56', 15, 41),
('93', '57', 78, 107),
('111', '58', 24, 45),
('34', '59', 7, 53),
('144', '60', 68, 68),
('105', '61', 93, 109),
('7', '62', 58, 63),
('142', '63', 31, 31),
('91', '64', 56, 91),
('84', '65', 47, 61),
('82', '66', 92, 114),
('59', '67', 22, 60),
('80', '68', 32, 53),
('37', '69', 14, 57),
('4', '70', 50, 83),
('127', '71', 7, 51),
('69', '72', 74, 116),
('50', '73', 22, 34),
('117', '74', 48, 50),
('148', '75', 91, 136),
('60', '76', 2, 18),
('19', '77', 33, 64),
('19', '78', 37, 60),
('126', '79', 32, 73),
('155', '80', 83, 83),
('123', '81', 50, 71),
('17', '82', 25, 60),
('147', '83', 58, 92),
('115', '84', 35, 69),
('73', '85', 25, 37),
('116', '86', 57, 98),
('92', '87', 40, 69),
('24', '88', 48, 87),
('4', '89', 10, 49),
('94', '90', 51, 53),
('32', '91', 42, 61),
('96', '92', 75, 83),
('110', '93', 92, 135),
('64', '94', 66, 107),
('137', '95', 2, 28),
('131', '96', 86, 108),
('119', '97', 56, 103),
('137', '98', 96, 104),
('102', '99', 1, 2),
('151', '100', 98, 140),
('153', '101', 55, 103),
('46', '102', 78, 89),
('120', '103', 77, 122),
('78', '104', 71, 116),
('75', '105', 45, 75),
('93', '106', 58, 105),
('49', '107', 69, 91),
('149', '108', 35, 54),
('150', '109', 20, 32),
('11', '110', 40, 89),
('95', '111', 1, 12),
('147', '112', 71, 80),
('109', '113', 42, 53),
('94', '114', 62, 111),
('16', '115', 32, 33),
('67', '116', 25, 48),
('2', '117', 91, 108),
('159', '118', 42, 42),
('85', '119', 28, 43),
('87', '120', 20, 55),
('59', '121', 59, 82),
('7', '122', 58, 94),
('17', '123', 78, 105),
('18', '124', 49, 98),
('75', '125', 35, 49),
('109', '126', 19, 27),
('20', '127', 54, 76),
('9', '128', 42, 75),
('36', '129', 98, 111),
('114', '130', 8, 42),
('8', '131', 25, 63),
('158', '132', 90, 93),
('113', '133', 0, 42),
('146', '134', 11, 23),
('21', '135', 50, 78),
('66', '136', 48, 69),
('10', '137', 43, 64),
('111', '138', 1, 44),
('136', '139', 7, 48),
('46', '140', 50, 51),
('73', '141', 50, 76),
('67', '142', 86, 126),
('151', '143', 23, 55),
('102', '144', 30, 56),
('1', '145', 80, 97),
('42', '146', 32, 59),
('137', '147', 45, 45),
('113', '148', 71, 87),
('117', '149', 89, 104),
('50', '150', 77, 84);
insert into photo values
(1, 'DLkZPJI2ED', 'TyH1GaC1lD', 769, 15, 58),
(2, '5QUUrFTspt', 'MZb0JUdvXM', 782, 2, 36),
(3, 'FCVCgHQqBP', 'btsKBuPxJv', 758, 31, 54),
(4, 'za9XCr6yxI', 'OcYxIpjajk', 64, 49, 58),
(5, 'vGrJkjUmth', 'D9c1dFZGD5', 28, 10, 24),
(6, 'waLeqc87IA', '7PKKezDTfx', 437, 58, 101),
(7, 'KbxoJ9qf9v', 'Ox2q9jO1y1', 382, 23, 56),
(8, 'YPbGGoi7Gu', 'gpCOosXfql', 275, 16, 54),
(9, '9AwDLomaQ2', 'NypSbizzDu', 790, 73, 73),
(10, 'uRTDOjuB2Q', 'LviQWjjgFT', 843, 88, 94),
(11, 'bsD5NvciO6', 'dX8srMXWhp', 579, 85, 111),
(12, 'nTjrIrARpW', 'WTTwixBXiu', 579, 49, 65),
(13, '3N86lnNXeQ', '9FpE0KrY5z', 776, 20, 36),
(14, 'ZDzjsvNBuV', 'oeAJrT2c13', 961, 33, 55),
(15, 'PbvElGDlbT', 'I3eCLTgX6v', 375, 13, 14),
(16, 'Cq11e0lodP', 'S8VNKSyLCQ', 32, 25, 41),
(17, 'NUciPnO9T7', 'TIxH4fHTOt', 17, 98, 111),
(18, 'Es0xIGObDJ', 'hxO32Iw1El', 978, 98, 147),
(19, 'ksPT9P6Q6g', 'hw83XKdr8v', 562, 95, 135),
(20, 'WAtQG56T7w', '8w3xOCYakE', 356, 71, 87),
(21, 'UTlLuuIf6Y', 'ziDMc3jwKb', 757, 14, 16),
(22, '80MwDE0RXj', 'ByiXlFJScq', 481, 5, 33),
(23, 'HP2szgGfoj', 'd9TVfkYyTM', 346, 54, 62),
(24, 'OImL5Gdvji', 'j6BOnYnsd4', 355, 10, 36),
(25, 'cdfF5zDWpQ', 'BTzusM1blr', 110, 26, 65),
(26, 't2Zd2Us5T3', 's6VSbYVEBl', 245, 60, 66),
(27, 'j3Wt9ItSxh', '4bQyelsCQK', 506, 79, 114),
(28, 'n7OEhZMVJE', 'OH1Jrj6Q8N', 536, 27, 42),
(29, 'pAGIW8QR16', 'Xcs6AHNymb', 678, 60, 70),
(30, 'sQNYmKi1s3', 'oyRHzXYyqq', 479, 3, 13),
(31, 'vcNempDTVv', '55PIzoz4ZI', 173, 79, 100),
(32, 'bNbPPL9YZ7', 'cOTwOS7OXJ', 536, 71, 111),
(33, 'x09aepCht9', 'csG4FT8j04', 510, 41, 53),
(34, 'DqkOS2n3RD', 'i1glYf16Cs', 738, 68, 99),
(35, 'PR4MUyzoQG', '9DEGj6AUB8', 836, 80, 104),
(36, 'dH2GOxKNNK', 'GxTVEIlIDn', 874, 20, 43),
(37, 'zvGrwYDTx0', '6WRBqaLC8r', 516, 1, 48),
(38, 'vHITTkIzOE', 'MQpgf4ok3l', 95, 37, 72),
(39, 'Wmi2YZv1VR', 'yYlDQEhkKB', 539, 86, 114),
(40, 'CvEveTaO3O', 'OPOji0a1KM', 728, 73, 94),
(41, 'Z1uR6AnSWc', 'oGUQSeGfdj', 110, 75, 92),
(42, 'gkNQfnAORx', 'VmVPDnexWz', 26, 78, 81),
(43, '0Rtlv4MOCa', 'lTmNcUlweD', 872, 43, 69),
(44, 'VGpVpar5lY', 'SGOhdjc3ML', 469, 68, 99),
(45, 'hnMvTuMcGR', '09cVGo2V0f', 480, 58, 65),
(46, 'z3dFQycueV', 'ZysCcYgxjX', 795, 39, 64),
(47, 'wHroZLFli1', 'iMdvhBqd2f', 148, 28, 59),
(48, '8Xx7XqFoRE', 'bdeawDBH7j', 723, 54, 58),
(49, 'YPqC6Uo9r1', 'pM9CzUrHQm', 391, 67, 91),
(50, 'aWsDn0T2Jf', 'ciV2N11xzo', 480, 74, 76),
(51, 'gdMG5J1xyh', 'S28EAypeYW', 193, 27, 32),
(52, '31Y9HyawtP', 'SQymHaAdy6', 949, 31, 71),
(53, 'o5jhIjDJ1V', 'u0TKy1CnUB', 428, 72, 107),
(54, 'DGpCJpLTEG', 'VmbwCgqic8', 561, 58, 79),
(55, 'JdRs1chQ9j', '7yiQC5qQn8', 891, 55, 84),
(56, 'YEpUru3Rqk', 'FnEy0vHLI3', 650, 76, 125),
(57, 'BcTfHzFTKJ', 'tWwZkseu0X', 558, 45, 68),
(58, '0AmXQSjlx7', '6C1v0GUoWn', 763, 43, 74),
(59, 'bn5SeW5WGP', 'FqLCAWJYtj', 147, 80, 100),
(60, '6i8M8aZrfR', 'iPhqCgjHbV', 971, 74, 98),
(61, 'hHp6IVXaMc', 'oEqJv1i62y', 493, 2, 38),
(62, 'EzIIMtbQ0s', '9TihX96q5w', 300, 21, 47),
(63, 'DMfwJWjXzz', 'JIIDRU6dph', 880, 42, 74),
(64, 'SfLl6CFSV2', '5bPGpQYG2G', 961, 40, 80),
(65, 'HZv6Qz5Cct', 'w9tc8O4KeC', 212, 72, 114),
(66, '6j7QB5o7Q2', 'MKbYpRkaLS', 51, 49, 94),
(67, '8NWU4FzNFt', '4dyLuYOoET', 340, 7, 52),
(68, 'GIXUh4rQRw', 'FraB0NPMT5', 708, 69, 83),
(69, 'cAoJK5wpzd', 'HWPcYf2LPT', 143, 15, 22),
(70, 'oMq0PWBuee', '0laZxjJ1zo', 100, 68, 98),
(71, 'wTCY4ABeR8', 'a8ANkqcvUr', 143, 48, 66),
(72, 'ublNNaGR9t', 'H2nGdAaVOD', 175, 94, 139),
(73, 'DJwSsFR1CN', 'iaUEdJlMLG', 391, 17, 42),
(74, 'YpLlUo8mto', 'rI62buhkkr', 257, 69, 73),
(75, 'tHC7VEDEol', 'eXyHiyVtD2', 432, 70, 90),
(76, 'uregaOOjnL', 'DIP8iq6S7z', 501, 55, 86),
(77, 'xrEAisTxc4', 'nxrce1sZgI', 400, 83, 84),
(78, 'R1oAsM0OYw', 'VzotoYgRu7', 405, 81, 84),
(79, 'pKy68pFA8u', 'iKksYMFKd2', 534, 1, 31),
(80, 'RtKpJpxiQC', 'UQIntlBimy', 630, 17, 40),
(81, 'E68dTsTTww', 'NkqzQxzoF9', 843, 78, 78),
(82, '5og5oLXtRQ', 'VB7F5EUyiw', 912, 71, 90),
(83, 'dxpBd9vOPM', 'MuXRQ8WFhi', 491, 83, 84),
(84, 'DqDTdhHVME', 'RA2aAVTMaF', 719, 60, 99),
(85, 'IOulW048CO', '6xXNUWHxjV', 633, 17, 66),
(86, 'DSjWHwTM66', 'M0AXrdj6X4', 782, 83, 88),
(87, 'zIuq9Bj9YI', 'E8YlMb19k4', 308, 9, 47),
(88, 'ltdrlstige', 'TWCfHwCsSR', 184, 56, 94),
(89, 'UcP4RJs3UX', 'qraDX0WJg1', 549, 97, 106),
(90, 'Rvsdxu5txT', 'k0v0MDaA3i', 918, 7, 56),
(91, 'vufM78Ivp7', 'BRejPSIfKW', 13, 91, 92),
(92, 'afP8qhxW2t', '3fbQwUbWzX', 378, 68, 110),
(93, 'vxcylO5apK', '8HHRvy8PD5', 661, 89, 135),
(94, 'oilsL1M3KD', 'UxOPRzHGIn', 348, 25, 40),
(95, 'qbZhfnhtvh', 'uOzO4nQyT1', 903, 1, 12),
(96, 'vHoulK2NWY', 'k8AxpmkITA', 36, 38, 69),
(97, '60g5VTLEht', 'TtPm07hBe0', 112, 49, 79),
(98, 'DY433YNmaO', 'YOiFGceC8P', 506, 4, 46),
(99, 'S6nAkzqytJ', 'uDgZcTtlQS', 140, 25, 33),
(100, '8NxvwHOvx0', 'RsJPHjJ3QN', 85, 8, 50);
insert into contain values
('6', 65),
('96', 36),
('95', 54),
('70', 6),
('7', 29),
('139', 47),
('105', 87),
('75', 10),
('119', 71),
('122', 6),
('134', 94),
('80', 69),
('112', 85),
('143', 94),
('149', 18),
('95', 88),
('29', 62),
('86', 77),
('16', 23),
('122', 2),
('15', 13),
('65', 46),
('65', 83),
('3', 82),
('124', 11),
('65', 44),
('36', 84),
('125', 16),
('130', 9),
('1', 15),
('105', 82),
('130', 40),
('102', 27),
('8', 10),
('77', 61),
('92', 15),
('129', 10),
('9', 34),
('141', 25),
('148', 51),
('81', 27),
('21', 49),
('122', 37),
('141', 67),
('67', 5),
('87', 76),
('29', 88),
('79', 8),
('73', 10),
('39', 51),
('7', 42),
('40', 12),
('79', 29),
('128', 76),
('59', 54),
('22', 10),
('115', 33),
('135', 80),
('147', 13),
('149', 4),
('32', 12),
('78', 40),
('50', 54),
('78', 35),
('0', 77),
('0', 56),
('13', 67),
('36', 46),
('11', 51),
('100', 19),
('81', 62),
('73', 99),
('100', 19),
('48', 24),
('86', 17),
('36', 92),
('44', 92),
('108', 87),
('68', 4),
('60', 83),
('96', 90),
('65', 38),
('35', 54),
('52', 45),
('77', 66),
('75', 19),
('140', 72),
('140', 22),
('120', 71),
('49', 68),
('82', 72),
('105', 43),
('58', 76),
('46', 41),
('33', 19),
('17', 94),
('10', 79),
('145', 11),
('19', 67),
('100', 5);

