drop database test;
 create database test;
 use test;
create table user (username varchar(20), age integer, firstname varchar(20),lastname varchar(20), height integer, hometown varchar(20));
create table album (owner varchar(20), albumname varchar(20), created integer, modified integer);
create table photo(picid integer, description varchar(20), caption varchar(20), views integer, created integer, modified integer);
create table contain(albuname varchar(20), picid integer);
insert into user values
('1', 0, 'uFmwyrxMfc', 'd61YVto18K', 29, 'Wz8XzlDzgH'),
('2', 2, 'Me1lM1KAVG', 'Jwn3op7EQp', 79, 'l4wDJTTmm9'),
('3', 4, 'WQcGQJU3FY', 'ucpoYr5TP8', 38, 'GqKVKaJ7R4'),
('4', 2, 'USobUfBP3t', 'uyq7t0u4sS', 88, 'bdTkBdp4MQ'),
('5', 4, 'PJAdrBhuIr', 'VutANQrHjm', 1, 'aruy1veICu'),
('6', 4, 'WIwGsUmMvf', '7mmPUujkPG', 13, '2QnLuqgUkK'),
('7', 2, 'solX96yDIV', 'XGjBgxfM99', 92, 'vr7RfQ17Mf'),
('8', 1, 'oORnqktpYZ', 'rOj3C9xOBn', 49, 'Ok1chCC7IB'),
('9', 2, 'X512mTMvEF', 'Gh7S9TK0Pz', 3, 'EB3kjbJ8QN'),
('10', 3, '0VOMHV74gu', 'n9rAP6nhxx', 53, 'j9BqMpEtlT'),
('11', 0, 'iwWapYUIFx', 'VvCA4q45da', 15, 'NO5peEIpFt'),
('12', 2, 'uZmjLLtlr6', 'oUv0WxH0ov', 96, 'V0WXGnbOsF'),
('13', 4, 'twVa0qhET5', 'AKHpXQ28ca', 73, 'nevGStFL2o'),
('14', 3, 'QV1BzhxdAs', 'jhT3PBPFcO', 9, 'GyyJnXEt0g'),
('15', 3, 'V8W0ewq3Nu', 'letgD5r99k', 78, 'egkZFZOJ6V'),
('16', 4, 'qLDJhELvOJ', 'DrNnMZo0Ex', 62, 'NmJia5vqWK'),
('17', 0, 'VT8tqy6wjN', 'o4mDdz4bwS', 19, 'iQYkDXY3nD'),
('18', 4, 'Xe64Yoqcwq', 'hrAVUAcVXL', 22, 'X0rRgdQPkr'),
('19', 2, 'UlhLEonHUd', 'oOypC3Bkzh', 40, 'fnMDgWtMIh'),
('20', 0, 'gBf2SW7imU', 'sJoBB5c4iw', 84, 'UwbwdotiuD'),
('21', 2, 'qlyJ4npHi4', 'BeWzZ6BTnX', 31, 'tgF5JnhIQd'),
('22', 1, 'fmlXtUt2vP', '2OT5XvBnCV', 98, 'BRkueZ5LHD'),
('23', 2, '9fAIc0Up4j', 'LJppR8JZhm', 65, 'LbfaYRX31m'),
('24', 1, 'u6MjaJ8D68', 'n5QBHhFW3g', 50, 'vj7hxDeIKi'),
('25', 3, 'U4JuI9XiVb', 'HQWNmfAJxd', 24, 'KCmUdgL56m'),
('26', 0, '6zMFKPVE8i', 'jz5DDxOFCZ', 30, 'G5gWv9XnfC'),
('27', 3, 'B3APWLVcEA', 'TxU9EExpXp', 2, 'mfK0GRn1oS'),
('28', 2, '5dLWbutKjz', '5aapFx3vVn', 33, '5Sd7OUzujm'),
('29', 2, 'crbtmettCL', 'dcn3Bts2Zj', 93, 'VV31VY5kQY'),
('30', 0, 'lcqn1JVAil', '0nPSjMCt1F', 20, 'n2dXbiNauh'),
('31', 2, 'rd0o61EP2z', 'DVyWFIeVav', 29, '7Cc61mlOcV'),
('32', 4, 'yKmnZVYXXu', 't8EpnAUIX2', 56, 'X1nrhHC16v'),
('33', 1, 'VU6qYFC3T4', 'V94dWg5G0m', 3, 'OCJiVJGKMn'),
('34', 3, 'L9bIWmXQTc', 'HjDkGh5mjM', 16, 'ZMM3rIeaXE'),
('35', 1, 'GUHqE8xmLI', 'sWNnOt4yCE', 33, 'scszyLdyYf'),
('36', 0, '9D6qsqwioi', 'KR71osCprG', 72, 'BnXma8RGTg'),
('37', 0, 'to1GxTOjIh', 'GTcIGtZJaN', 11, 'IlMbelumnf'),
('38', 1, 'HVIkv8Lt1b', 'aJWCtxTsi5', 78, 'TRLEP0k6IM'),
('39', 3, 'nqk1ElJntn', 'JHa999yxbw', 60, 'lMLpml68gZ'),
('40', 4, 'q1ALFF1XLu', 'QSjUcVH4Ci', 26, 'hCqtkqeWiB'),
('41', 0, 'JwTX4MZJBL', 'tmNgrdFj1Y', 20, 'ANsiQ3vvAB'),
('42', 1, '4OB9Si6KPE', 'muhUFFtW2y', 96, 'p4pQ0axup9'),
('43', 0, 'xSVVFTNXsf', 'F5XerbOQ2q', 0, 'VuWyT65KA3'),
('44', 2, 'sRW8aoqSA1', 'aa3zUIyG5e', 14, 'Iil2rhlFPA'),
('45', 0, '76JZLVJmUW', '9oepG72iHd', 60, 'XqbxAs2Zdl'),
('46', 0, 'nAho7a4TVL', 'c8R9uI3EPL', 66, 'prXVw5JatP'),
('47', 0, 'TmHAUDDG5P', 'zq9TBqvCwp', 67, 'KgQzr8ioce'),
('48', 3, 'J8UDdstpWA', 'fGxbfXKqNs', 62, 'cmMVG54fd0'),
('49', 3, 's1wiG3edTd', 'UicyyBNpu5', 94, 'aTx6P4LhcQ'),
('50', 4, 'wMk0Z0aUDO', 'hn3pKy1FoZ', 46, 'vyC2FkkNsX'),
('51', 3, 'F3037eA0wP', 'TRD9jwpQaG', 43, 'f62ttPu4Fa'),
('52', 0, 'KdEoU8VhIe', '8Rh8C1yKwE', 43, 'GJaKoRka9o'),
('53', 1, 'IAspa4IFov', 'j5CKDt0bKK', 96, '3mBEN1E3U8'),
('54', 0, '9gQvuFfx1P', 'SjtPjDBwxB', 86, 'lgCGlXtrUS'),
('55', 0, 'nykIGQDzbq', 'yEtc7eSter', 20, 'ttNq0Kq1YE'),
('56', 3, 'jWGLgbrLOL', 'aMaxx3h1NB', 96, 'CKPT14yQCh'),
('57', 2, 'PZivgrw2qB', 'dpLd0OdF5g', 78, 'yIvz38ciI7'),
('58', 1, 'VNMd1K5eNZ', 'FZMjuXS8vH', 0, 'DyIKp5c8qW'),
('59', 1, 'wyVcdYdL46', 'hlA8tp0Cst', 95, 'xxMunmlQgP'),
('60', 0, 'RlybPhn0FJ', '33SU8iOGIK', 34, 'RafeqktPGq'),
('61', 4, 'myxy4ktMBZ', 'R4bwFfvh08', 43, 'wb2F1oKNZm'),
('62', 2, 'AZMzNAOERr', 'b11WunYchm', 33, 'o4Q7lXHar5'),
('63', 0, 'g5hYWWYEQf', 'qCxhjNMPuZ', 24, 'RaGAbCnzf3'),
('64', 1, 'VLuiEpndha', 'BYjsCEht8R', 33, '4lnDioEOs7'),
('65', 3, 'Or75RdDNv5', 'nTxEytU60l', 17, 'Ptmz87GvVr'),
('66', 0, '9zWvV2XxCW', 'dvJl887DHS', 87, 'uipTIggWXE'),
('67', 1, '2LeGMOxTBW', 'FcS3xM6vWH', 58, 'He5O4D2T0e'),
('68', 3, 'ynVt015S0t', '5odYFFcMau', 97, 'yr0zgpjfDN'),
('69', 4, '90jIlXTB2u', 'HaDi2KZhWy', 68, '63AO9HfoPj'),
('70', 2, 'NHsjl4q8Ew', '1lRWthKtGe', 64, 'XhdiVUJuBa'),
('71', 2, 'XqPXlLZQuo', '8PEqcRpoIV', 26, 'NeXYe7Jz7B'),
('72', 3, 'bkvQh4Lwjk', 'oRotafePW0', 11, 'WuFlPnG9iO'),
('73', 3, 'xIvWHRh1VI', 'RNUYVqqeoh', 78, 'qAM1SbxWen'),
('74', 1, 'ucKh0vEBK4', 'SkzVhWcJgo', 73, 'eKAcNEfWyS'),
('75', 4, 'AfhRNEEr6E', 'eqPy8A3Frn', 26, 'cYsxACXDsN'),
('76', 0, 'Fgc59DMg1S', '0UFU6gP0L1', 83, 'ACljnevZIc'),
('77', 3, 'KrVzrixii6', 'Tl2VS00JIW', 18, '8MdNBxUM0i'),
('78', 4, 'RqzV2bRZe0', 'OtXTb30LoS', 5, 'GTNeqIG5P3'),
('79', 1, 'sCZs4oeKzP', 'qDUwKHmheX', 35, 'Gozv3bYmah'),
('80', 4, 'rPJMARjmLa', 'WL2gjwwX7W', 48, 'E5l6AGHyJr'),
('81', 0, 'Ss7ZtPcdJo', '3oR5DPY6MK', 9, 'zmBOXPwQyJ'),
('82', 2, 'KWRltqPe4D', '3TZyh6WRIs', 47, 'hjCfKqPxpF'),
('83', 0, 'fZv5RrhewZ', 'Mpx57E3vlF', 3, '0O3AgTqiyT'),
('84', 4, '6TWW3k59MK', 'gMSFx4N1gF', 62, '0OqL1SJmtv'),
('85', 0, 'PLvhIqQnpC', 'LzMbXuqhKi', 90, 'zDyjyfp7Cq'),
('86', 4, '3i1bQjhLOL', '9EkQh8AOMo', 78, 'hzL5D06mrt'),
('87', 2, 'wNCAn2ylMz', 'YYjdDuWIIm', 99, 'In9H2Z6O6V'),
('88', 0, 'IRbXIaKTvV', 'wkAZL1jMWz', 12, 'tu6vsjsYz7'),
('89', 0, 'WdhTNaHuEX', '2HhB7kbe8h', 18, 'GuVAlO08zs'),
('90', 1, 'lQXOmQHcqL', 'uaTc7XLtga', 40, 'kn5yeM7J2W'),
('91', 3, 'IIGlHvcV3g', 'syEbFTMZfp', 28, 'MnxgfSETsg'),
('92', 4, 'ycJKtY2jGp', 't7cXmxXE6P', 34, 'HgPjV30F1x'),
('93', 2, 'Y7T2Ua7P1o', 'PRpSPGTop9', 32, 'Yg25phYiB1'),
('94', 1, '1kvYVWXd7s', 'eDlxzxsa6i', 54, 'ax3fbsecjT'),
('95', 2, 'gnrIKm0tE8', 'Xzhr7U926L', 56, 'fvthsQwx67'),
('96', 3, 'UUIG4olQ6L', 'mMmpicP8Jo', 41, 'A6alypSMAh'),
('97', 4, 'rnAOP7Zyvg', 'ai9WiMUYhU', 70, 'CUA2ULXZ6R'),
('98', 2, 'E0FP3VkLVH', 'RFuqRHqfwb', 35, 'F8RByxsGKr'),
('99', 2, '5GUY6U8RPr', '4kVnvMRCxu', 21, 'keX1tyk0wk'),
('100', 3, '8zc6vAnM6U', 'BYpmmZyoGG', 3, 'ife8Q2r55b'),
('101', 1, 'CAuCOPdqW4', 'GATsco1IDj', 17, '0In9LJDlYg'),
('102', 3, 'AelXiOEtkE', 'BOZkiOKLYG', 43, 'eTu3Ejl7Bd'),
('103', 4, 'Uji9mR3fgH', 'K7DhHxP2fW', 84, 'LMYeFwkqSD'),
('104', 2, 'hGrquCIC1M', 'YGGAY5Unyy', 63, 'rPSBBRIimd'),
('105', 1, 'MKnPrIHitv', 'LRhkuFzJhF', 80, '1kmGYyejQm'),
('106', 0, 'RrZNFcPVox', 'h3Bs16BADq', 81, 'jiKD86qpz3'),
('107', 2, 'WZCyGzEczm', 'KDFCnxGeIH', 62, 'o4891wRuNz'),
('108', 4, 'XD7836iRFO', 'JZ2tM9YlPu', 33, 'WYZFVVX9Bt'),
('109', 1, 'xHleT4v1f0', '8st2WVlA1U', 88, 'qKBsNgBH79'),
('110', 1, 'uAnNiwMIpE', '22xXTZW2qh', 29, 'kqR1msFOdi'),
('111', 4, 'BddEe2N9Tc', 'zvM1BdlmN8', 28, '7atUJdkFw8'),
('112', 2, 'dDbvu565eC', 'NjFOv3cQey', 23, 'j9YZrpog1d'),
('113', 3, 'CBnGac0HyB', '6wYi5RvyCZ', 63, 'aeauD7yzT0'),
('114', 0, 'jOgofGeMKS', 'hQjWcvemXe', 90, 'hbTIgHvmZz'),
('115', 1, 'XtPBnUysqK', '3JSX3pALrk', 16, 'cwvB9nKsO9'),
('116', 4, 'gkRuvJkDEO', 'T4nSVyi4sJ', 21, 'BFonX6s9Pb'),
('117', 4, 'xgYhhdi0Zp', 'r056FDWsV7', 26, 'JfIEVVzaq5'),
('118', 0, 'bbc8JKsLxB', 'kU5oEiLnsd', 58, 'ZOIICwJ7lU'),
('119', 0, '9DNkwDhWTb', 'GOPF4ZBZCk', 92, 'rIfcPzfXFK'),
('120', 2, 'tLoxXZdoAQ', '2ldnMCHrcW', 95, '4nsiyFvdkm'),
('121', 4, 'bTnFR2SZZK', 'nGNInULJnd', 80, 'mhPFI1um1H'),
('122', 0, 'giHvrUXjtP', '37RfxRnL22', 16, 'MYFM9rAfZZ'),
('123', 0, '8bs2r9MaGo', 'c2LMVmhfqe', 3, 'b03otE1JCG'),
('124', 2, 'wHui8Bk9tX', 'VAHs587mOX', 68, 'WltHKPw0j2'),
('125', 1, 'sNbL77XC7c', '6KCFdMGIx2', 42, 'y4UfYonzH1'),
('126', 1, 'BfFRku2wsu', '0Ry0TnsOiq', 11, 'eWSKckUZwH'),
('127', 1, 'U1Xml8bBmr', 'Jwk6mkCd26', 18, 'Hb8aLjamYw'),
('128', 2, 'dfM7yEagoL', 'ijBiuxYt52', 58, 'SgZh4JApuJ'),
('129', 0, 'T200Xtre8T', 'WnopjVtLUM', 96, 'gA1GTChueD'),
('130', 0, 'lACtR34CIc', '9XHJ4TTAcD', 40, 'JzwlCHWsTU'),
('131', 4, 'x4TEFaBNJ3', 'rt8cQfsi9S', 72, 'VifWqepUC3'),
('132', 1, 'W6tcf3mmkg', 'YHpNkdcA41', 0, 'QA0q65egYC'),
('133', 4, '5z4kbGHs5B', 'il7aVSpvRZ', 50, 'QtOfg6Osmy'),
('134', 2, '53DfJqUvqd', 'LPqXrkeN5w', 60, 'nmVhO0X6Ov'),
('135', 0, 'kP8ktYCMMD', 'NOOybRFAFu', 0, 'LJmDlIWJIL'),
('136', 1, 'YSsMz0keLs', 'nuJUU7lYRc', 40, 'KtlTdyBrOj'),
('137', 0, 'VgT8nImAWw', 'RKHTuaGT2T', 7, 'jdSTxEuKmq'),
('138', 3, 'cvEqda1vrQ', '4Ct5hdeOhn', 42, 'Tun7OrFPi1'),
('139', 4, 'LrYE1Khrks', 'IlHRRVN5Qj', 64, 'omyJLl12KJ'),
('140', 1, 'XqtAQOqsqs', 'TbIPVTjzRO', 78, 'NBNxParn86'),
('141', 2, 'w2vLuno9b5', 'ongomhXaIh', 35, 'yXPWRtERi3'),
('142', 0, 'OwhNnmDGoF', 'Ogo5TEyjCM', 13, 'ip2NxshzxC'),
('143', 1, 'n6hussudAj', 'DUj7bO20iO', 39, 'KsUpEhMoDS'),
('144', 0, '5n9678D6qI', 'CTGuvmDebx', 74, 'c0Zo1NKGYi'),
('145', 3, 'XJmAh9uiq1', 'TIC7z9MI71', 0, 'UccIEdyNef'),
('146', 0, 'YdvfeXEvF8', 'cAfplnCBOQ', 76, '6WFL9t7mL6'),
('147', 2, 'SBRsloFyT4', 'dZKQUHtRzC', 61, 'ppbJZS3WsW'),
('148', 2, 'G2waZUetkZ', 'SikMScyu6m', 45, 'URL1o48sxM'),
('149', 1, 'h1Dwh1okKl', 'AhkYyR6UFm', 60, 'vRKmHVf23R'),
('150', 3, 'aVbDGLl1hS', 'SPGMya4QZX', 96, 'zZwXGQzyGa'),
('151', 2, 'kLhLcbipMr', 'NLD09DF5aJ', 50, 'Z3QnuJ9kpk'),
('152', 4, 'KjrKe5z1GH', '13sjEzLa1I', 36, 'eq3TXt5a7l'),
('153', 1, 'lB7VTFA5Oe', 'iR8dhlv9YB', 1, 'edkFhUXQ3R'),
('154', 4, 'YolxArpZ9b', 't49dQGq0kY', 84, 'HGs3huusd5'),
('155', 4, 'SDK28LNUqB', 'ugju35JKZk', 96, 'Xtywecbbvv'),
('156', 3, 'dTjOCZ9OYw', 'Tu6HxAjB4Z', 93, '3pxiYSrF2F'),
('157', 2, 'PCntgVoOcg', 'Ib7dk78fWX', 19, 'qLENnNrFdM'),
('158', 2, 'HoBDryYTqM', 'BKVoJuAiFH', 13, 'qkon4pVe9P'),
('159', 4, 'SHVXScEZRK', 'mNfv9xPpeu', 10, '1dLDt6kc6N'),
('160', 0, 'xOIjTdwxtc', 'RwU5vwrceW', 26, 'qsdKkcIDg4'),
('161', 3, 'Dbz6xQq37B', 'UvZMqPB7Q9', 61, 'mzCZgpAK63'),
('162', 4, 'KaHJeB70nu', 'Dkj8q5MVpK', 41, '57UJGzUiyx'),
('163', 2, '25fbW6T7BW', 'wGe2nQLOjg', 2, 'pfyBHuBP1E'),
('164', 1, 'GRPXy08hS9', 'YUN2UXNTKR', 3, 'nsrgoB3iuM'),
('165', 0, '876E8teEyY', 'GeNcPAqlyX', 74, 'wSD31GljIa'),
('166', 1, 'DIXxper7jd', 'vNvigWNoUp', 91, '9IMlsSFm0u'),
('167', 2, 'gZkOZsQzIL', 'GcDfKyjVKV', 55, 'KGQptRT6hZ'),
('168', 2, 'rGiKLCvXRD', 'TLYCW6uiXX', 23, 'oxbk82pDOq'),
('169', 2, 'pVKxH7EqHk', 'ZEkKi7Xqse', 11, 'sB8tnRi6ps'),
('170', 1, 'dyay7kGmle', 'nleNqdx74N', 9, 'DLkZPJI2ED'),
('171', 3, 'yH1GaC1lDZ', 'v5QUUrFTsp', 23, 'MZb0JUdvXM'),
('172', 2, 'FCVCgHQqBP', 'btsKBuPxJv', 58, 'Pza9XCr6yx'),
('173', 2, 'OcYxIpjajk', 'NvGrJkjUmt', 7, 'D9c1dFZGD5'),
('174', 3, 'UwaLeqc87I', 'A7PKKezDTf', 63, 'FqFKbxoJ9q'),
('175', 4, 'f9vOx2q9jO', '1y1MYPbGGo', 6, '7GugpCOosX'),
('176', 2, 'fqlzC9AwDL', 'omaQ2NypSb', 44, 'zzDuOuRTDO'),
('177', 3, 'uB2QLviQWj', 'jgFThcSbsD', 82, 'NvciO6dX8s'),
('178', 3, 'MXWhpBAnTj', 'rIrARpWWTT', 72, 'ixBXiunre3'),
('179', 1, '86lnNXeQ9F', 'pE0KrY5zIE', 4, 'ZDzjsvNBuV'),
('180', 0, 'eAJrT2c134', 'NkPbvElGDl', 42, 'bTI3eCLTgX'),
('181', 3, '6v6ZTCq11e', '0lodPS8VNK', 64, 'yLCQaNUciP'),
('182', 1, 'nO9T7TIxH4', 'fHTOtN8Es0', 68, 'xIGObDJhxO'),
('183', 2, '2Iw1ElcXks', 'PT9P6Q6ghw', 3, '3XKdr8vm1W'),
('184', 4, 'tQG56T7w8w', '3xOCYakEmX', 66, 'UTlLuuIf6Y'),
('185', 3, 'ziDMc3jwKb', 'b580MwDE0R', 57, 'XjByiXlFJS'),
('186', 0, 'qBaHP2szgG', 'fojd9TVfkY', 34, 'TMWOImL5Gd'),
('187', 2, 'jij6BOnYns', 'd4m9cdfF5z', 71, 'WpQBTzusM1'),
('188', 3, 'lrWIvt2Zd2', 'Us5T3s6VSb', 40, 'YVEBl8mqj3'),
('189', 0, 'Wt9ItSxh4b', 'QyelsCQK96', 35, 'n7OEhZMVJE'),
('190', 2, 'H1Jrj6Q8N5', '0BpAGIW8QR', 40, '6Xcs6AHNym'),
('191', 2, 'b55sQNYmKi', '1s3oyRHzXY', 32, 'qq4ivcNemp'),
('192', 1, 'TVv55PIzoz', '4ZI2bNbPPL', 42, 'YZ7cOTwOS7'),
('193', 3, 'OXJWax09ae', 'pCht9csG4F', 59, '8j04IDqkOS'),
('194', 1, 'n3RDi1glYf', '16Csg1fPR4', 14, 'UyzoQG9DEG'),
('195', 0, '6AUB8O1adH', '2GOxKNNKGx', 35, 'VEIlIDneLz'),
('196', 3, 'vGrwYDTx06', 'WRBqaLC8rA', 1, 'bvHITTkIzO'),
('197', 4, 'EMQpgf4ok3', 'lpJvWmi2YZ', 31, '1VRyYlDQEh'),
('198', 4, 'KBhsCvEveT', 'aO3OOPOji0', 90, '1KMwXJZ1uR'),
('199', 3, 'AnSWcoGUQS', 'eGfdjYHgkN', 34, 'fnAORxVmVP'),
('200', 0, 'nexWz5M0Rt', 'lv4MOCalTm', 11, 'NcUlweD47V');
insert into album values
('29', '1', 18, 55),
('18', '2', 48, 63),
('155', '3', 75, 90),
('124', '4', 27, 62),
('133', '5', 43, 59),
('27', '6', 30, 65),
('142', '7', 98, 123),
('55', '8', 30, 70),
('30', '9', 41, 80),
('27', '10', 46, 60),
('2', '11', 87, 118),
('183', '12', 25, 44),
('168', '13', 31, 64),
('157', '14', 44, 75),
('43', '15', 10, 28),
('116', '16', 86, 102),
('32', '17', 25, 29),
('93', '18', 24, 58),
('67', '19', 84, 132),
('148', '20', 44, 65),
('107', '21', 62, 93),
('90', '22', 1, 24),
('9', '23', 61, 110),
('80', '24', 58, 65),
('95', '25', 71, 80),
('118', '26', 37, 50),
('144', '27', 74, 95),
('130', '28', 68, 76),
('66', '29', 45, 82),
('45', '30', 50, 61),
('132', '31', 96, 116),
('78', '32', 66, 90),
('35', '33', 66, 71),
('79', '34', 19, 64),
('39', '35', 25, 57),
('57', '36', 19, 68),
('189', '37', 72, 113),
('43', '38', 73, 93),
('129', '39', 98, 108),
('106', '40', 14, 48),
('58', '41', 53, 82),
('9', '42', 29, 53),
('149', '43', 17, 34),
('148', '44', 28, 59),
('197', '45', 79, 82),
('155', '46', 89, 119),
('15', '47', 50, 77),
('126', '48', 34, 67),
('96', '49', 16, 55),
('40', '50', 39, 80),
('44', '51', 70, 92),
('176', '52', 14, 29),
('13', '53', 91, 127),
('93', '54', 23, 27),
('154', '55', 4, 9),
('114', '56', 40, 73),
('128', '57', 87, 97),
('194', '58', 82, 105),
('190', '59', 53, 97),
('113', '60', 2, 28),
('50', '61', 20, 22),
('46', '62', 17, 61),
('92', '63', 90, 120),
('129', '64', 86, 127),
('145', '65', 24, 44),
('191', '66', 67, 91),
('72', '67', 15, 33),
('154', '68', 29, 50),
('19', '69', 67, 106),
('161', '70', 9, 53),
('83', '71', 3, 26),
('49', '72', 13, 45),
('106', '73', 63, 108),
('153', '74', 59, 67),
('145', '75', 68, 69),
('77', '76', 40, 70),
('74', '77', 52, 90),
('86', '78', 9, 15),
('70', '79', 90, 127),
('114', '80', 64, 113),
('151', '81', 12, 61),
('196', '82', 42, 88),
('113', '83', 96, 131),
('29', '84', 19, 40),
('130', '85', 55, 101),
('125', '86', 65, 68),
('40', '87', 10, 18),
('92', '88', 84, 89),
('186', '89', 26, 58),
('78', '90', 93, 120),
('155', '91', 2, 26),
('98', '92', 76, 77),
('8', '93', 30, 42),
('186', '94', 39, 72),
('125', '95', 94, 128),
('108', '96', 62, 76),
('27', '97', 17, 55),
('158', '98', 99, 135),
('59', '99', 83, 132),
('131', '100', 90, 128);
insert into photo values
(1, 'o5jhIjDJ1V', 'u0TKy1CnUB', 428, 72, 107),
(2, 'DGpCJpLTEG', 'VmbwCgqic8', 561, 58, 79),
(3, 'JdRs1chQ9j', '7yiQC5qQn8', 891, 55, 84),
(4, 'YEpUru3Rqk', 'FnEy0vHLI3', 650, 76, 125),
(5, 'BcTfHzFTKJ', 'tWwZkseu0X', 558, 45, 68),
(6, '0AmXQSjlx7', '6C1v0GUoWn', 763, 43, 74),
(7, 'bn5SeW5WGP', 'FqLCAWJYtj', 147, 80, 100),
(8, '6i8M8aZrfR', 'iPhqCgjHbV', 971, 74, 98),
(9, 'hHp6IVXaMc', 'oEqJv1i62y', 493, 2, 38),
(10, 'EzIIMtbQ0s', '9TihX96q5w', 300, 21, 47),
(11, 'DMfwJWjXzz', 'JIIDRU6dph', 880, 42, 74),
(12, 'SfLl6CFSV2', '5bPGpQYG2G', 961, 40, 80),
(13, 'HZv6Qz5Cct', 'w9tc8O4KeC', 212, 72, 114),
(14, '6j7QB5o7Q2', 'MKbYpRkaLS', 51, 49, 94),
(15, '8NWU4FzNFt', '4dyLuYOoET', 340, 7, 52),
(16, 'GIXUh4rQRw', 'FraB0NPMT5', 708, 69, 83),
(17, 'cAoJK5wpzd', 'HWPcYf2LPT', 143, 15, 22),
(18, 'oMq0PWBuee', '0laZxjJ1zo', 100, 68, 98),
(19, 'wTCY4ABeR8', 'a8ANkqcvUr', 143, 48, 66),
(20, 'ublNNaGR9t', 'H2nGdAaVOD', 175, 94, 139),
(21, 'DJwSsFR1CN', 'iaUEdJlMLG', 391, 17, 42),
(22, 'YpLlUo8mto', 'rI62buhkkr', 257, 69, 73),
(23, 'tHC7VEDEol', 'eXyHiyVtD2', 432, 70, 90),
(24, 'uregaOOjnL', 'DIP8iq6S7z', 501, 55, 86),
(25, 'xrEAisTxc4', 'nxrce1sZgI', 400, 83, 84),
(26, 'R1oAsM0OYw', 'VzotoYgRu7', 405, 81, 84),
(27, 'pKy68pFA8u', 'iKksYMFKd2', 534, 1, 31),
(28, 'RtKpJpxiQC', 'UQIntlBimy', 630, 17, 40),
(29, 'E68dTsTTww', 'NkqzQxzoF9', 843, 78, 78),
(30, '5og5oLXtRQ', 'VB7F5EUyiw', 912, 71, 90),
(31, 'dxpBd9vOPM', 'MuXRQ8WFhi', 491, 83, 84),
(32, 'DqDTdhHVME', 'RA2aAVTMaF', 719, 60, 99),
(33, 'IOulW048CO', '6xXNUWHxjV', 633, 17, 66),
(34, 'DSjWHwTM66', 'M0AXrdj6X4', 782, 83, 88),
(35, 'zIuq9Bj9YI', 'E8YlMb19k4', 308, 9, 47),
(36, 'ltdrlstige', 'TWCfHwCsSR', 184, 56, 94),
(37, 'UcP4RJs3UX', 'qraDX0WJg1', 549, 97, 106),
(38, 'Rvsdxu5txT', 'k0v0MDaA3i', 918, 7, 56),
(39, 'vufM78Ivp7', 'BRejPSIfKW', 13, 91, 92),
(40, 'afP8qhxW2t', '3fbQwUbWzX', 378, 68, 110),
(41, 'vxcylO5apK', '8HHRvy8PD5', 661, 89, 135),
(42, 'oilsL1M3KD', 'UxOPRzHGIn', 348, 25, 40),
(43, 'qbZhfnhtvh', 'uOzO4nQyT1', 903, 1, 12),
(44, 'vHoulK2NWY', 'k8AxpmkITA', 36, 38, 69),
(45, '60g5VTLEht', 'TtPm07hBe0', 112, 49, 79),
(46, 'DY433YNmaO', 'YOiFGceC8P', 506, 4, 46),
(47, 'S6nAkzqytJ', 'uDgZcTtlQS', 140, 25, 33),
(48, '8NxvwHOvx0', 'RsJPHjJ3QN', 85, 8, 50),
(49, 'rU2OMxxjEp', 'IOIG0wbops', 345, 88, 117),
(50, 'RL1aBJiTsW', 'Pb3IfST0rm', 680, 40, 42),
(51, '0CMbZZx5vT', 'zi8pSlL0nV', 351, 57, 99),
(52, 'OOPxwPqhLV', 'UQAwoWqdtB', 536, 46, 57),
(53, 'xmd4ghMo2s', 'C7GdiSvmiD', 738, 85, 89),
(54, 'eSDTIOMp9y', '6kYdtvLWV0', 611, 19, 36),
(55, 'RZPKxDr8Go', 'BJhqBebDPO', 211, 29, 51),
(56, '0MwJ0ysius', 'yqpdwdyLML', 15, 61, 95),
(57, 'uxmTu2Pz7F', 'MgRYAYO2sq', 414, 97, 143),
(58, 'uxUfg8VO2Y', '5UWWLdRaaa', 767, 5, 29),
(59, 'ECgygiAGdE', '1dKjtqzsAO', 700, 15, 21),
(60, 'gsMJryygQY', 'dkxlOMeCPm', 543, 21, 45),
(61, 'IM3Qcvz8xg', 'HapaOBO35W', 203, 38, 41),
(62, 'b4uFNcQGOF', 'GfrxGTVmU6', 218, 81, 105),
(63, 'xdytNUTZpo', 'Nw8hbeEF5W', 890, 90, 94),
(64, 'x7Dcwfi6gb', 'DsJYKPHwSU', 491, 10, 30),
(65, 'leLDZHVBY3', 'qgG7wVv2wO', 265, 4, 11),
(66, 'qadFSimJtT', 'ENBrW22YM6', 946, 46, 53),
(67, 'hOD5zsfyQw', 'fXKKpB1jhO', 916, 71, 109),
(68, 'MEbUR4yH5T', 'zEzP1naikm', 783, 88, 101),
(69, 'pIWLudEnIX', 'UVcYueBgkh', 538, 29, 29),
(70, 'fdX9lQIhxi', 'trak5LM3b1', 310, 74, 117),
(71, 'H2vOEy9meV', '0j8gfTbnFH', 393, 21, 48),
(72, 'EJsSzfRFwB', 'sB9w7Jj01I', 727, 97, 106),
(73, 'lWtvEhNlRG', 'ylavhQVoUj', 276, 7, 51),
(74, 'Q7A9GHqBb2', '9WnGTAkjP9', 660, 24, 48),
(75, 'JA4cbcgskj', 'otOsFNNs1W', 115, 66, 104),
(76, 'RKksWrHwFY', 'mer9R2q9T5', 166, 44, 61),
(77, 'dlfTOoNRKa', 'NH8GRCxg97', 564, 90, 137),
(78, 'qnMXL02rUr', 'k8DqmpdF7C', 263, 21, 56),
(79, 'GJPdL4prhI', 'MVLprf9kXB', 987, 92, 109),
(80, 'xtCgUbAg0c', 'tWjIK0SkgZ', 718, 34, 67),
(81, 'Jfh73iUW7S', 'i8nnSaXf1U', 522, 70, 84),
(82, 'Q3kd90X9fE', 'LIrCPs431W', 605, 99, 113),
(83, '0n7xHR0rma', 'bSB39aGpU0', 703, 98, 123),
(84, 'cB9H3Xrr0S', '8h6qYl43Qo', 206, 45, 94),
(85, 'yCpM7RKrD7', 'tLX2imiDrw', 839, 44, 47),
(86, 'dydznhbKb5', 'J9wCBRLSn2', 174, 8, 13),
(87, 'Ss1fC8O3bC', 'N0CfoBRjz5', 823, 52, 54),
(88, 'C3ZLtowBls', 'Dj5o9U8sL9', 335, 90, 96),
(89, 'EfIBNrLf4g', 'XMDYfOvtQJ', 250, 97, 119),
(90, 'nzGcbKudh2', 'i7mwx4oN3r', 631, 81, 91),
(91, 'hcJf9x22Bj', 'YAPiiDLc01', 95, 93, 133),
(92, 'xeCiE5iWdO', 'SHWnPUr2vr', 172, 87, 95),
(93, 'SWaqY35X8k', '9tjqHFxUYC', 68, 45, 85),
(94, '18pUnCRzo1', 'YEDtPMAnhF', 30, 86, 122),
(95, 'ZlodzRDmCS', 'c0WWKAD0KQ', 776, 17, 46),
(96, 'qLKxpyRgyA', '5ptAwsCEAB', 469, 60, 92),
(97, '3FOI2FerOo', 'k5WNrx4LrF', 893, 80, 118),
(98, '5C2PX6pF6l', 't7odoG2Mcz', 936, 90, 125),
(99, 'i2lCAsI4MG', '2S45v3WgFe', 303, 34, 78),
(100, 'ttagGgVq9o', 'HVuYhVPxcc', 611, 27, 39);
insert into contain values
('9', 99),
('57', 63),
('74', 10),
('74', 16),
('27', 93),
('48', 58),
('52', 70),
('58', 38),
('20', 46),
('31', 86),
('15', 87),
('51', 70),
('75', 88),
('41', 27),
('21', 5),
('80', 28),
('72', 73),
('47', 39),
('61', 5),
('49', 39),
('66', 80),
('81', 56),
('41', 74),
('52', 1),
('74', 46),
('99', 66),
('53', 52),
('40', 79),
('90', 83),
('89', 96),
('58', 83),
('7', 11),
('54', 31),
('2', 24),
('76', 72),
('19', 91),
('57', 31),
('28', 69),
('35', 9),
('97', 81),
('52', 60),
('74', 38),
('85', 52),
('8', 79),
('46', 16),
('37', 42),
('49', 4),
('40', 22),
('62', 50),
('27', 23),
('25', 44),
('75', 20),
('36', 8),
('19', 97),
('16', 79),
('41', 95),
('28', 3),
('70', 54),
('29', 34),
('13', 18),
('72', 76),
('66', 85),
('10', 93),
('5', 40),
('49', 32),
('14', 5),
('73', 15),
('78', 14),
('6', 45),
('76', 37),
('58', 61),
('69', 83),
('67', 29),
('77', 98),
('18', 36),
('10', 67),
('3', 84),
('40', 82),
('49', 32),
('60', 6),
('18', 18),
('83', 13),
('56', 33),
('74', 76),
('44', 3),
('11', 55),
('0', 38),
('63', 17),
('11', 65),
('16', 51),
('32', 78),
('83', 23),
('84', 82),
('55', 67),
('66', 0),
('0', 20),
('74', 44),
('53', 75),
('55', 45),
('65', 87);

