drop database test;
 create database test;
 use test;
create table user (username varchar(20), age integer, firstname varchar(20),lastname varchar(20), height integer, hometown varchar(20));
create table album (owner varchar(20), albumname varchar(20), created integer, modified integer);
create table photo(picid integer, description varchar(20), caption varchar(20), views integer, created integer, modified integer);
create table contain(albuname varchar(20), picid integer);
insert into user values
('1', 15, 'uFmwyrxMfc', 'd61YVto18K', 29, 'Wz8XzlDzgH'),
('2', 22, 'Me1lM1KAVG', 'Jwn3op7EQp', 79, 'l4wDJTTmm9'),
('3', 84, 'WQcGQJU3FY', 'ucpoYr5TP8', 38, 'GqKVKaJ7R4'),
('4', 67, 'USobUfBP3t', 'uyq7t0u4sS', 88, 'bdTkBdp4MQ'),
('5', 24, 'PJAdrBhuIr', 'VutANQrHjm', 1, 'aruy1veICu'),
('6', 49, 'WIwGsUmMvf', '7mmPUujkPG', 13, '2QnLuqgUkK'),
('7', 97, 'solX96yDIV', 'XGjBgxfM99', 92, 'vr7RfQ17Mf'),
('8', 41, 'oORnqktpYZ', 'rOj3C9xOBn', 49, 'Ok1chCC7IB'),
('9', 77, 'X512mTMvEF', 'Gh7S9TK0Pz', 3, 'EB3kjbJ8QN'),
('10', 83, '0VOMHV74gu', 'n9rAP6nhxx', 53, 'j9BqMpEtlT'),
('11', 75, 'iwWapYUIFx', 'VvCA4q45da', 15, 'NO5peEIpFt'),
('12', 62, 'uZmjLLtlr6', 'oUv0WxH0ov', 96, 'V0WXGnbOsF'),
('13', 29, 'twVa0qhET5', 'AKHpXQ28ca', 73, 'nevGStFL2o'),
('14', 73, 'QV1BzhxdAs', 'jhT3PBPFcO', 9, 'GyyJnXEt0g'),
('15', 93, 'V8W0ewq3Nu', 'letgD5r99k', 78, 'egkZFZOJ6V'),
('16', 59, 'qLDJhELvOJ', 'DrNnMZo0Ex', 62, 'NmJia5vqWK'),
('17', 30, 'VT8tqy6wjN', 'o4mDdz4bwS', 19, 'iQYkDXY3nD'),
('18', 99, 'Xe64Yoqcwq', 'hrAVUAcVXL', 22, 'X0rRgdQPkr'),
('19', 12, 'UlhLEonHUd', 'oOypC3Bkzh', 40, 'fnMDgWtMIh'),
('20', 35, 'gBf2SW7imU', 'sJoBB5c4iw', 84, 'UwbwdotiuD'),
('21', 37, 'qlyJ4npHi4', 'BeWzZ6BTnX', 31, 'tgF5JnhIQd'),
('22', 61, 'fmlXtUt2vP', '2OT5XvBnCV', 98, 'BRkueZ5LHD'),
('23', 42, '9fAIc0Up4j', 'LJppR8JZhm', 65, 'LbfaYRX31m'),
('24', 11, 'u6MjaJ8D68', 'n5QBHhFW3g', 50, 'vj7hxDeIKi'),
('25', 3, 'U4JuI9XiVb', 'HQWNmfAJxd', 24, 'KCmUdgL56m'),
('26', 0, '6zMFKPVE8i', 'jz5DDxOFCZ', 30, 'G5gWv9XnfC'),
('27', 83, 'B3APWLVcEA', 'TxU9EExpXp', 2, 'mfK0GRn1oS'),
('28', 47, '5dLWbutKjz', '5aapFx3vVn', 33, '5Sd7OUzujm'),
('29', 57, 'crbtmettCL', 'dcn3Bts2Zj', 93, 'VV31VY5kQY'),
('30', 70, 'lcqn1JVAil', '0nPSjMCt1F', 20, 'n2dXbiNauh'),
('31', 52, 'rd0o61EP2z', 'DVyWFIeVav', 29, '7Cc61mlOcV'),
('32', 34, 'yKmnZVYXXu', 't8EpnAUIX2', 56, 'X1nrhHC16v'),
('33', 1, 'VU6qYFC3T4', 'V94dWg5G0m', 3, 'OCJiVJGKMn'),
('34', 58, 'L9bIWmXQTc', 'HjDkGh5mjM', 16, 'ZMM3rIeaXE'),
('35', 41, 'GUHqE8xmLI', 'sWNnOt4yCE', 33, 'scszyLdyYf'),
('36', 10, '9D6qsqwioi', 'KR71osCprG', 72, 'BnXma8RGTg'),
('37', 55, 'to1GxTOjIh', 'GTcIGtZJaN', 11, 'IlMbelumnf'),
('38', 36, 'HVIkv8Lt1b', 'aJWCtxTsi5', 78, 'TRLEP0k6IM'),
('39', 58, 'nqk1ElJntn', 'JHa999yxbw', 60, 'lMLpml68gZ'),
('40', 79, 'q1ALFF1XLu', 'QSjUcVH4Ci', 26, 'hCqtkqeWiB'),
('41', 75, 'JwTX4MZJBL', 'tmNgrdFj1Y', 20, 'ANsiQ3vvAB'),
('42', 86, '4OB9Si6KPE', 'muhUFFtW2y', 96, 'p4pQ0axup9'),
('43', 0, 'xSVVFTNXsf', 'F5XerbOQ2q', 0, 'VuWyT65KA3'),
('44', 57, 'sRW8aoqSA1', 'aa3zUIyG5e', 14, 'Iil2rhlFPA'),
('45', 65, '76JZLVJmUW', '9oepG72iHd', 60, 'XqbxAs2Zdl'),
('46', 70, 'nAho7a4TVL', 'c8R9uI3EPL', 66, 'prXVw5JatP'),
('47', 25, 'TmHAUDDG5P', 'zq9TBqvCwp', 67, 'KgQzr8ioce'),
('48', 38, 'J8UDdstpWA', 'fGxbfXKqNs', 62, 'cmMVG54fd0'),
('49', 23, 's1wiG3edTd', 'UicyyBNpu5', 94, 'aTx6P4LhcQ'),
('50', 39, 'wMk0Z0aUDO', 'hn3pKy1FoZ', 46, 'vyC2FkkNsX');
insert into album values
('18', '1', 15, 51),
('46', '2', 33, 52),
('18', '3', 59, 103),
('16', '4', 34, 50),
('20', '5', 97, 129),
('6', '6', 27, 47),
('11', '7', 93, 135),
('39', '8', 99, 133),
('41', '9', 59, 92),
('20', '10', 17, 42),
('7', '11', 64, 105),
('48', '12', 2, 2),
('46', '13', 43, 86),
('1', '14', 53, 74),
('47', '15', 87, 88),
('2', '16', 52, 55),
('1', '17', 55, 87),
('10', '18', 95, 129),
('37', '19', 56, 74),
('38', '20', 12, 37),
('17', '21', 95, 134),
('42', '22', 63, 85),
('22', '23', 41, 87),
('16', '24', 11, 31),
('7', '25', 57, 80),
('24', '26', 35, 72),
('28', '27', 90, 134),
('44', '28', 18, 62),
('43', '29', 46, 76),
('1', '30', 52, 79),
('26', '31', 50, 69),
('31', '32', 2, 3),
('6', '33', 22, 40),
('1', '34', 24, 50),
('40', '35', 42, 67),
('20', '36', 73, 120),
('10', '37', 79, 83),
('37', '38', 53, 90),
('10', '39', 31, 68),
('18', '40', 11, 21),
('46', '41', 20, 20),
('15', '42', 73, 112),
('31', '43', 36, 82),
('46', '44', 67, 113),
('40', '45', 53, 101),
('35', '46', 90, 106),
('10', '47', 92, 122),
('16', '48', 81, 106),
('42', '49', 39, 71),
('21', '50', 40, 58),
('6', '51', 27, 36),
('29', '52', 17, 57),
('14', '53', 73, 79),
('15', '54', 13, 22),
('22', '55', 24, 73),
('14', '56', 23, 29),
('8', '57', 29, 32),
('20', '58', 13, 38),
('5', '59', 11, 32),
('38', '60', 13, 46),
('36', '61', 37, 85),
('46', '62', 85, 127),
('40', '63', 81, 84),
('20', '64', 73, 76),
('15', '65', 86, 116),
('45', '66', 83, 107),
('2', '67', 92, 139),
('2', '68', 4, 12),
('37', '69', 16, 60),
('9', '70', 75, 112),
('2', '71', 10, 10),
('32', '72', 20, 54),
('24', '73', 77, 109),
('27', '74', 16, 38),
('36', '75', 30, 61),
('41', '76', 64, 66),
('25', '77', 20, 49),
('45', '78', 69, 97),
('42', '79', 9, 43),
('6', '80', 58, 107),
('44', '81', 62, 72),
('33', '82', 35, 59),
('36', '83', 7, 29),
('41', '84', 66, 93),
('36', '85', 79, 100),
('32', '86', 33, 58),
('20', '87', 46, 52),
('42', '88', 52, 57),
('48', '89', 75, 93),
('35', '90', 12, 46),
('15', '91', 53, 99),
('32', '92', 42, 74),
('11', '93', 84, 98),
('47', '94', 41, 65),
('21', '95', 2, 18),
('30', '96', 38, 84),
('4', '97', 16, 25),
('27', '98', 61, 86),
('2', '99', 81, 117),
('34', '100', 9, 17);
insert into photo values
(1, '2qBdpLd0Od', 'F5gAyIvz38', 510, 86, 94),
(2, '7zVNMd1K5e', 'NZFZMjuXS8', 901, 41, 41),
(3, 'DyIKp5c8qW', 'wyVcdYdL46', 349, 74, 83),
(4, 'lA8tp0Cstx', 'xxMunmlQgP', 775, 26, 67),
(5, 'lybPhn0FJ3', '3SU8iOGIKS', 347, 6, 49),
(6, 'eqktPGqbmy', 'xy4ktMBZR4', 13, 38, 63),
(7, 'fvh08Jwb2F', '1oKNZmeAZM', 513, 52, 59),
(8, 'AOERrb11Wu', 'nYchmo4Q7l', 453, 45, 65),
(9, 'ar5jg5hYWW', 'YEQfqCxhjN', 784, 57, 87),
(10, 'Z1RaGAbCnz', 'f3pVLuiEpn', 305, 17, 48),
(11, 'haBYjsCEht', '8Rp4lnDioE', 422, 38, 64),
(12, 'Or75RdDNv5', 'nTxEytU60l', 17, 3, 24),
(13, 'tmz87GvVrd', '9zWvV2XxCW', 330, 1, 34),
(14, 'Jl887DHSXu', 'ipTIggWXE2', 347, 65, 67),
(15, 'GMOxTBWFcS', '3xM6vWHqHe', 968, 66, 70),
(16, '4D2T0eOynV', 't015S0t5od', 297, 52, 87),
(17, 'FcMau8yr0z', 'gpjfDNK90j', 18, 22, 35),
(18, 'lXTB2uHaDi', '2KZhWy63AO', 462, 5, 20),
(19, 'oPj7NHsjl4', 'q8Ew1lRWth', 544, 45, 50),
(20, 'tGekXhdiVU', 'JuBaXqPXlL', 541, 18, 53),
(21, 'Quo8PEqcRp', 'oIVONeXYe7', 144, 83, 124),
(22, 'z7BKbkvQh4', 'LwjkoRotaf', 38, 6, 25),
(23, 'W0ZWuFlPnG', '9iOBxIvWHR', 863, 12, 60),
(24, '1VIRNUYVqq', 'eohqAM1Sbx', 972, 0, 48),
(25, 'naucKh0vEB', 'K4SkzVhWcJ', 704, 78, 101),
(26, 'eKAcNEfWyS', 'pAfhRNEEr6', 280, 60, 72),
(27, 'eqPy8A3Frn', 'AcYsxACXDs', 655, 95, 116),
(28, 'gc59DMg1S0', 'UFU6gP0L1A', 174, 1, 50),
(29, 'nevZIcKrVz', 'rixii6Tl2V', 678, 97, 138),
(30, '0JIWa8MdNB', 'xUM0iRqzV2', 906, 91, 116),
(31, 'Ze0OtXTb30', 'LoSGTNeqIG', 406, 63, 111),
(32, 'GsCZs4oeKz', 'PqDUwKHmhe', 405, 35, 82),
(33, 'Gozv3bYmah', 'rPJMARjmLa', 614, 21, 30),
(34, 'gjwwX7WsE5', 'l6AGHyJr7S', 340, 14, 54),
(35, 'ZtPcdJo3oR', '5DPY6MKJzm', 449, 62, 73),
(36, 'PwQyJdKWRl', 'tqPe4D3TZy', 935, 92, 113),
(37, '6WRIshjCfK', 'qPxpFfZv5R', 317, 45, 86),
(38, 'ewZMpx57E3', 'vlF0O3AgTq', 292, 53, 79),
(39, 'TL6TWW3k59', 'MKgMSFx4N1', 268, 87, 99),
(40, '0OqL1SJmtv', 'sPLvhIqQnp', 180, 78, 88),
(41, 'LzMbXuqhKi', 'kzDyjyfp7C', 263, 6, 35),
(42, '3i1bQjhLOL', '9EkQh8AOMo', 878, 47, 66),
(43, 'L5D06mrtwN', 'CAn2ylMzYY', 545, 33, 44),
(44, 'uWIIm4In9H', '2Z6O6V1IRb', 177, 45, 53),
(45, 'aKTvVwkAZL', '1jMWzetu6v', 626, 54, 75),
(46, 'sYz7lWdhTN', 'aHuEX2HhB7', 308, 30, 69),
(47, 'e8haGuVAlO', '08zsLlQXOm', 38, 25, 65),
(48, 'qLuaTc7XLt', 'gaykn5yeM7', 394, 80, 103),
(49, '2WIIGlHvcV', '3gsyEbFTMZ', 495, 43, 81),
(50, 'pMnxgfSETs', 'ggycJKtY2j', 198, 94, 103),
(51, 't7cXmxXE6P', 'HgPjV30F1x', 722, 16, 44),
(52, 'T2Ua7P1oPR', 'pSPGTop9Yg', 867, 84, 120),
(53, 'phYiB11kvY', 'VWXd7seDlx', 567, 75, 116),
(54, 'sa6iax3fbs', 'ecjT3gnrIK', 440, 49, 96),
(55, '0tE8Xzhr7U', '926Lwfvths', 238, 0, 9),
(56, '67UUIG4olQ', '6LmMmpicP8', 843, 62, 103),
(57, 'A6alypSMAh', 'rnAOP7Zyvg', 678, 52, 70),
(58, 'i9WiMUYhUC', 'UA2ULXZ6RE', 137, 95, 130),
(59, '0FP3VkLVHR', 'FuqRHqfwbH', 85, 76, 97),
(60, '8RByxsGKrE', '5GUY6U8RPr', 677, 30, 49),
(61, 'kVnvMRCxuD', 'keX1tyk0wk', 918, 99, 144),
(62, 'c6vAnM6UBY', 'pmmZyoGGif', 289, 88, 115),
(63, '8Q2r55bMCA', 'uCOPdqW4GA', 539, 54, 102),
(64, 'o1IDjt0In9', 'LJDlYg6Ael', 642, 71, 100),
(65, 'iOEtkEBOZk', 'iOKLYGeTu3', 276, 75, 106),
(66, 'l7BdUji9mR', '3fgHK7DhHx', 803, 55, 102),
(67, 'WsLMYeFwkq', 'SDlhGrquCI', 856, 63, 103),
(68, 'MYGGAY5Uny', 'yprPSBBRIi', 870, 32, 80),
(69, 'dDMKnPrIHi', 'tvLRhkuFzJ', 663, 7, 37),
(70, '1kmGYyejQm', 'FRrZNFcPVo', 732, 21, 42),
(71, 'h3Bs16BADq', 'jiKD86qpz3', 47, 50, 69),
(72, 'ZCyGzEczmK', 'DFCnxGeIHC', 918, 17, 42),
(73, '91wRuNzzXD', '7836iRFOJZ', 174, 36, 59),
(74, 'tM9YlPunWY', 'ZFVVX9BtXx', 571, 95, 142),
(75, 'eT4v1f08st', '2WVlA1U5qK', 263, 28, 48),
(76, 'NgBH79guAn', 'NiwMIpE22x', 55, 1, 38),
(77, 'ZW2qhlkqR1', 'msFOdiMBdd', 396, 44, 58),
(78, '2N9TczvM1B', 'dlmN8C7atU', 323, 66, 111),
(79, 'dkFw8dDbvu', '565eCNjFOv', 444, 60, 67),
(80, 'cQeyj9YZrp', 'og1diCBnGa', 798, 95, 124),
(81, 'yB6wYi5Rvy', 'CZ6aeauD7y', 529, 13, 34),
(82, 'RjOgofGeMK', 'ShQjWcvemX', 454, 90, 105),
(83, 'bTIgHvmZzZ', 'XtPBnUysqK', 482, 39, 63),
(84, 'JSX3pALrkc', 'wvB9nKsO9g', 745, 70, 101),
(85, 'RuvJkDEOT4', 'nSVyi4sJBF', 938, 93, 112),
(86, 'X6s9PbSxgY', 'hhdi0Zpr05', 475, 82, 111),
(87, 'DWsV7JfIEV', 'Vzaq5bbc8J', 638, 1, 5),
(88, 'sLxBkU5oEi', 'LnsdiZOIIC', 121, 32, 68),
(89, 'J7lU9DNkwD', 'hWTbGOPF4Z', 741, 39, 43),
(90, 'CkrIfcPzfX', 'FKttLoxXZd', 16, 66, 84),
(91, 'Q2ldnMCHrc', 'W4nsiyFvdk', 100, 99, 105),
(92, 'bTnFR2SZZK', 'nGNInULJnd', 680, 41, 43),
(93, 'hPFI1um1Hg', 'iHvrUXjtP3', 198, 33, 46),
(94, 'xRnL221MYF', 'M9rAfZZ78b', 162, 88, 115),
(95, 'r9MaGoc2LM', 'VmhfqeBb03', 640, 69, 112),
(96, 'E1JCGjwHui', '8Bk9tXVAHs', 70, 20, 35),
(97, '7mOX5WltHK', 'Pw0j2MsNbL', 496, 18, 49),
(98, '7XC7c6KCFd', 'MGIx2Sy4Uf', 138, 48, 79),
(99, 'zH1BfFRku2', 'wsu0Ry0Tns', 802, 71, 93),
(100, 'qeWSKckUZw', 'HuU1Xml8bB', 538, 11, 58);
insert into contain values
('2', 72),
('70', 52),
('63', 21),
('74', 14),
('92', 17),
('11', 35),
('18', 36),
('63', 63),
('21', 3),
('71', 30),
('59', 69),
('30', 40),
('10', 98),
('54', 2),
('98', 85),
('37', 86),
('35', 2),
('73', 20),
('62', 51),
('26', 64),
('54', 52),
('12', 91),
('76', 21),
('28', 43),
('3', 84),
('30', 47),
('99', 72),
('61', 8),
('59', 2),
('69', 58),
('58', 98),
('98', 83),
('39', 26),
('63', 95),
('48', 27),
('0', 92),
('29', 77),
('65', 56),
('63', 90),
('49', 69),
('67', 75),
('63', 37),
('89', 11),
('89', 89),
('58', 13),
('49', 28),
('22', 45),
('73', 60),
('63', 26),
('31', 77),
('83', 27),
('83', 17),
('21', 92),
('69', 93),
('11', 40),
('42', 10),
('96', 45),
('4', 52),
('17', 17),
('58', 72),
('75', 76),
('95', 84),
('36', 83),
('46', 74),
('3', 95),
('15', 26),
('57', 22),
('36', 72),
('33', 41),
('26', 74),
('96', 87),
('20', 86),
('51', 55),
('34', 16),
('40', 35),
('73', 72),
('95', 75),
('35', 23),
('89', 51),
('53', 29),
('94', 22),
('69', 50),
('20', 25),
('40', 81),
('85', 47),
('50', 91),
('46', 21),
('14', 64),
('20', 63),
('57', 70),
('24', 83),
('76', 95),
('69', 18),
('29', 32),
('37', 17),
('35', 36),
('69', 85),
('93', 21),
('99', 75),
('72', 48);

