drop database test;
 create database test;
 use test;
create table user (username varchar(20), age integer, firstname varchar(20),lastname varchar(20), height integer, hometown varchar(20));
create table album (owner varchar(20), albumname varchar(20), created integer, modified integer);
create table photo(picid integer, description varchar(20), caption varchar(20), views integer, created integer, modified integer);
create table contain(albuname varchar(20), picid integer);
insert into user values
('1', 15, 'uFmwyrxMfc', 'd61YVto18K', 29, 'Wz8XzlDzgH'),
('2', 22, 'Me1lM1KAVG', 'Jwn3op7EQp', 79, 'l4wDJTTmm9'),
('3', 84, 'WQcGQJU3FY', 'ucpoYr5TP8', 38, 'GqKVKaJ7R4'),
('4', 67, 'USobUfBP3t', 'uyq7t0u4sS', 88, 'bdTkBdp4MQ'),
('5', 24, 'PJAdrBhuIr', 'VutANQrHjm', 1, 'aruy1veICu'),
('6', 49, 'WIwGsUmMvf', '7mmPUujkPG', 13, '2QnLuqgUkK'),
('7', 97, 'solX96yDIV', 'XGjBgxfM99', 92, 'vr7RfQ17Mf'),
('8', 41, 'oORnqktpYZ', 'rOj3C9xOBn', 49, 'Ok1chCC7IB'),
('9', 77, 'X512mTMvEF', 'Gh7S9TK0Pz', 3, 'EB3kjbJ8QN'),
('10', 83, '0VOMHV74gu', 'n9rAP6nhxx', 53, 'j9BqMpEtlT'),
('11', 75, 'iwWapYUIFx', 'VvCA4q45da', 15, 'NO5peEIpFt'),
('12', 62, 'uZmjLLtlr6', 'oUv0WxH0ov', 96, 'V0WXGnbOsF'),
('13', 29, 'twVa0qhET5', 'AKHpXQ28ca', 73, 'nevGStFL2o'),
('14', 73, 'QV1BzhxdAs', 'jhT3PBPFcO', 9, 'GyyJnXEt0g'),
('15', 93, 'V8W0ewq3Nu', 'letgD5r99k', 78, 'egkZFZOJ6V'),
('16', 59, 'qLDJhELvOJ', 'DrNnMZo0Ex', 62, 'NmJia5vqWK'),
('17', 30, 'VT8tqy6wjN', 'o4mDdz4bwS', 19, 'iQYkDXY3nD'),
('18', 99, 'Xe64Yoqcwq', 'hrAVUAcVXL', 22, 'X0rRgdQPkr'),
('19', 12, 'UlhLEonHUd', 'oOypC3Bkzh', 40, 'fnMDgWtMIh'),
('20', 35, 'gBf2SW7imU', 'sJoBB5c4iw', 84, 'UwbwdotiuD'),
('21', 37, 'qlyJ4npHi4', 'BeWzZ6BTnX', 31, 'tgF5JnhIQd'),
('22', 61, 'fmlXtUt2vP', '2OT5XvBnCV', 98, 'BRkueZ5LHD'),
('23', 42, '9fAIc0Up4j', 'LJppR8JZhm', 65, 'LbfaYRX31m'),
('24', 11, 'u6MjaJ8D68', 'n5QBHhFW3g', 50, 'vj7hxDeIKi'),
('25', 3, 'U4JuI9XiVb', 'HQWNmfAJxd', 24, 'KCmUdgL56m'),
('26', 0, '6zMFKPVE8i', 'jz5DDxOFCZ', 30, 'G5gWv9XnfC'),
('27', 83, 'B3APWLVcEA', 'TxU9EExpXp', 2, 'mfK0GRn1oS'),
('28', 47, '5dLWbutKjz', '5aapFx3vVn', 33, '5Sd7OUzujm'),
('29', 57, 'crbtmettCL', 'dcn3Bts2Zj', 93, 'VV31VY5kQY'),
('30', 70, 'lcqn1JVAil', '0nPSjMCt1F', 20, 'n2dXbiNauh'),
('31', 52, 'rd0o61EP2z', 'DVyWFIeVav', 29, '7Cc61mlOcV'),
('32', 34, 'yKmnZVYXXu', 't8EpnAUIX2', 56, 'X1nrhHC16v'),
('33', 1, 'VU6qYFC3T4', 'V94dWg5G0m', 3, 'OCJiVJGKMn'),
('34', 58, 'L9bIWmXQTc', 'HjDkGh5mjM', 16, 'ZMM3rIeaXE'),
('35', 41, 'GUHqE8xmLI', 'sWNnOt4yCE', 33, 'scszyLdyYf'),
('36', 10, '9D6qsqwioi', 'KR71osCprG', 72, 'BnXma8RGTg'),
('37', 55, 'to1GxTOjIh', 'GTcIGtZJaN', 11, 'IlMbelumnf'),
('38', 36, 'HVIkv8Lt1b', 'aJWCtxTsi5', 78, 'TRLEP0k6IM'),
('39', 58, 'nqk1ElJntn', 'JHa999yxbw', 60, 'lMLpml68gZ'),
('40', 79, 'q1ALFF1XLu', 'QSjUcVH4Ci', 26, 'hCqtkqeWiB'),
('41', 75, 'JwTX4MZJBL', 'tmNgrdFj1Y', 20, 'ANsiQ3vvAB'),
('42', 86, '4OB9Si6KPE', 'muhUFFtW2y', 96, 'p4pQ0axup9'),
('43', 0, 'xSVVFTNXsf', 'F5XerbOQ2q', 0, 'VuWyT65KA3'),
('44', 57, 'sRW8aoqSA1', 'aa3zUIyG5e', 14, 'Iil2rhlFPA'),
('45', 65, '76JZLVJmUW', '9oepG72iHd', 60, 'XqbxAs2Zdl'),
('46', 70, 'nAho7a4TVL', 'c8R9uI3EPL', 66, 'prXVw5JatP'),
('47', 25, 'TmHAUDDG5P', 'zq9TBqvCwp', 67, 'KgQzr8ioce'),
('48', 38, 'J8UDdstpWA', 'fGxbfXKqNs', 62, 'cmMVG54fd0'),
('49', 23, 's1wiG3edTd', 'UicyyBNpu5', 94, 'aTx6P4LhcQ'),
('50', 39, 'wMk0Z0aUDO', 'hn3pKy1FoZ', 46, 'vyC2FkkNsX'),
('51', 68, 'F3037eA0wP', 'TRD9jwpQaG', 43, 'f62ttPu4Fa'),
('52', 95, 'KdEoU8VhIe', '8Rh8C1yKwE', 43, 'GJaKoRka9o'),
('53', 51, 'IAspa4IFov', 'j5CKDt0bKK', 96, '3mBEN1E3U8'),
('54', 25, '9gQvuFfx1P', 'SjtPjDBwxB', 86, 'lgCGlXtrUS'),
('55', 95, 'nykIGQDzbq', 'yEtc7eSter', 20, 'ttNq0Kq1YE'),
('56', 33, 'jWGLgbrLOL', 'aMaxx3h1NB', 96, 'CKPT14yQCh'),
('57', 77, 'PZivgrw2qB', 'dpLd0OdF5g', 78, 'yIvz38ciI7'),
('58', 31, 'VNMd1K5eNZ', 'FZMjuXS8vH', 0, 'DyIKp5c8qW'),
('59', 86, 'wyVcdYdL46', 'hlA8tp0Cst', 95, 'xxMunmlQgP'),
('60', 75, 'RlybPhn0FJ', '33SU8iOGIK', 34, 'RafeqktPGq'),
('61', 39, 'myxy4ktMBZ', 'R4bwFfvh08', 43, 'wb2F1oKNZm'),
('62', 92, 'AZMzNAOERr', 'b11WunYchm', 33, 'o4Q7lXHar5'),
('63', 75, 'g5hYWWYEQf', 'qCxhjNMPuZ', 24, 'RaGAbCnzf3'),
('64', 1, 'VLuiEpndha', 'BYjsCEht8R', 33, '4lnDioEOs7'),
('65', 33, 'Or75RdDNv5', 'nTxEytU60l', 17, 'Ptmz87GvVr'),
('66', 85, '9zWvV2XxCW', 'dvJl887DHS', 87, 'uipTIggWXE'),
('67', 46, '2LeGMOxTBW', 'FcS3xM6vWH', 58, 'He5O4D2T0e'),
('68', 28, 'ynVt015S0t', '5odYFFcMau', 97, 'yr0zgpjfDN'),
('69', 94, '90jIlXTB2u', 'HaDi2KZhWy', 68, '63AO9HfoPj'),
('70', 42, 'NHsjl4q8Ew', '1lRWthKtGe', 64, 'XhdiVUJuBa'),
('71', 62, 'XqPXlLZQuo', '8PEqcRpoIV', 26, 'NeXYe7Jz7B'),
('72', 8, 'bkvQh4Lwjk', 'oRotafePW0', 11, 'WuFlPnG9iO'),
('73', 3, 'xIvWHRh1VI', 'RNUYVqqeoh', 78, 'qAM1SbxWen'),
('74', 56, 'ucKh0vEBK4', 'SkzVhWcJgo', 73, 'eKAcNEfWyS'),
('75', 99, 'AfhRNEEr6E', 'eqPy8A3Frn', 26, 'cYsxACXDsN'),
('76', 95, 'Fgc59DMg1S', '0UFU6gP0L1', 83, 'ACljnevZIc'),
('77', 8, 'KrVzrixii6', 'Tl2VS00JIW', 18, '8MdNBxUM0i'),
('78', 69, 'RqzV2bRZe0', 'OtXTb30LoS', 5, 'GTNeqIG5P3'),
('79', 56, 'sCZs4oeKzP', 'qDUwKHmheX', 35, 'Gozv3bYmah'),
('80', 9, 'rPJMARjmLa', 'WL2gjwwX7W', 48, 'E5l6AGHyJr'),
('81', 60, 'Ss7ZtPcdJo', '3oR5DPY6MK', 9, 'zmBOXPwQyJ'),
('82', 47, 'KWRltqPe4D', '3TZyh6WRIs', 47, 'hjCfKqPxpF'),
('83', 5, 'fZv5RrhewZ', 'Mpx57E3vlF', 3, '0O3AgTqiyT'),
('84', 99, '6TWW3k59MK', 'gMSFx4N1gF', 62, '0OqL1SJmtv'),
('85', 50, 'PLvhIqQnpC', 'LzMbXuqhKi', 90, 'zDyjyfp7Cq'),
('86', 29, '3i1bQjhLOL', '9EkQh8AOMo', 78, 'hzL5D06mrt'),
('87', 32, 'wNCAn2ylMz', 'YYjdDuWIIm', 99, 'In9H2Z6O6V'),
('88', 70, 'IRbXIaKTvV', 'wkAZL1jMWz', 12, 'tu6vsjsYz7'),
('89', 85, 'WdhTNaHuEX', '2HhB7kbe8h', 18, 'GuVAlO08zs'),
('90', 1, 'lQXOmQHcqL', 'uaTc7XLtga', 40, 'kn5yeM7J2W'),
('91', 38, 'IIGlHvcV3g', 'syEbFTMZfp', 28, 'MnxgfSETsg'),
('92', 54, 'ycJKtY2jGp', 't7cXmxXE6P', 34, 'HgPjV30F1x'),
('93', 22, 'Y7T2Ua7P1o', 'PRpSPGTop9', 32, 'Yg25phYiB1'),
('94', 36, '1kvYVWXd7s', 'eDlxzxsa6i', 54, 'ax3fbsecjT'),
('95', 2, 'gnrIKm0tE8', 'Xzhr7U926L', 56, 'fvthsQwx67'),
('96', 13, 'UUIG4olQ6L', 'mMmpicP8Jo', 41, 'A6alypSMAh'),
('97', 54, 'rnAOP7Zyvg', 'ai9WiMUYhU', 70, 'CUA2ULXZ6R'),
('98', 92, 'E0FP3VkLVH', 'RFuqRHqfwb', 35, 'F8RByxsGKr'),
('99', 42, '5GUY6U8RPr', '4kVnvMRCxu', 21, 'keX1tyk0wk'),
('100', 18, '8zc6vAnM6U', 'BYpmmZyoGG', 3, 'ife8Q2r55b'),
('101', 6, 'CAuCOPdqW4', 'GATsco1IDj', 17, '0In9LJDlYg'),
('102', 23, 'AelXiOEtkE', 'BOZkiOKLYG', 43, 'eTu3Ejl7Bd'),
('103', 89, 'Uji9mR3fgH', 'K7DhHxP2fW', 84, 'LMYeFwkqSD'),
('104', 87, 'hGrquCIC1M', 'YGGAY5Unyy', 63, 'rPSBBRIimd'),
('105', 91, 'MKnPrIHitv', 'LRhkuFzJhF', 80, '1kmGYyejQm'),
('106', 5, 'RrZNFcPVox', 'h3Bs16BADq', 81, 'jiKD86qpz3'),
('107', 47, 'WZCyGzEczm', 'KDFCnxGeIH', 62, 'o4891wRuNz'),
('108', 89, 'XD7836iRFO', 'JZ2tM9YlPu', 33, 'WYZFVVX9Bt'),
('109', 21, 'xHleT4v1f0', '8st2WVlA1U', 88, 'qKBsNgBH79'),
('110', 76, 'uAnNiwMIpE', '22xXTZW2qh', 29, 'kqR1msFOdi'),
('111', 24, 'BddEe2N9Tc', 'zvM1BdlmN8', 28, '7atUJdkFw8'),
('112', 92, 'dDbvu565eC', 'NjFOv3cQey', 23, 'j9YZrpog1d'),
('113', 58, 'CBnGac0HyB', '6wYi5RvyCZ', 63, 'aeauD7yzT0'),
('114', 85, 'jOgofGeMKS', 'hQjWcvemXe', 90, 'hbTIgHvmZz'),
('115', 31, 'XtPBnUysqK', '3JSX3pALrk', 16, 'cwvB9nKsO9'),
('116', 49, 'gkRuvJkDEO', 'T4nSVyi4sJ', 21, 'BFonX6s9Pb'),
('117', 34, 'xgYhhdi0Zp', 'r056FDWsV7', 26, 'JfIEVVzaq5'),
('118', 65, 'bbc8JKsLxB', 'kU5oEiLnsd', 58, 'ZOIICwJ7lU'),
('119', 70, '9DNkwDhWTb', 'GOPF4ZBZCk', 92, 'rIfcPzfXFK'),
('120', 67, 'tLoxXZdoAQ', '2ldnMCHrcW', 95, '4nsiyFvdkm'),
('121', 99, 'bTnFR2SZZK', 'nGNInULJnd', 80, 'mhPFI1um1H'),
('122', 65, 'giHvrUXjtP', '37RfxRnL22', 16, 'MYFM9rAfZZ'),
('123', 90, '8bs2r9MaGo', 'c2LMVmhfqe', 3, 'b03otE1JCG'),
('124', 97, 'wHui8Bk9tX', 'VAHs587mOX', 68, 'WltHKPw0j2'),
('125', 36, 'sNbL77XC7c', '6KCFdMGIx2', 42, 'y4UfYonzH1'),
('126', 41, 'BfFRku2wsu', '0Ry0TnsOiq', 11, 'eWSKckUZwH'),
('127', 6, 'U1Xml8bBmr', 'Jwk6mkCd26', 18, 'Hb8aLjamYw'),
('128', 2, 'dfM7yEagoL', 'ijBiuxYt52', 58, 'SgZh4JApuJ'),
('129', 90, 'T200Xtre8T', 'WnopjVtLUM', 96, 'gA1GTChueD'),
('130', 15, 'lACtR34CIc', '9XHJ4TTAcD', 40, 'JzwlCHWsTU'),
('131', 24, 'x4TEFaBNJ3', 'rt8cQfsi9S', 72, 'VifWqepUC3'),
('132', 11, 'W6tcf3mmkg', 'YHpNkdcA41', 0, 'QA0q65egYC'),
('133', 99, '5z4kbGHs5B', 'il7aVSpvRZ', 50, 'QtOfg6Osmy'),
('134', 17, '53DfJqUvqd', 'LPqXrkeN5w', 60, 'nmVhO0X6Ov'),
('135', 70, 'kP8ktYCMMD', 'NOOybRFAFu', 0, 'LJmDlIWJIL'),
('136', 66, 'YSsMz0keLs', 'nuJUU7lYRc', 40, 'KtlTdyBrOj'),
('137', 75, 'VgT8nImAWw', 'RKHTuaGT2T', 7, 'jdSTxEuKmq'),
('138', 58, 'cvEqda1vrQ', '4Ct5hdeOhn', 42, 'Tun7OrFPi1'),
('139', 34, 'LrYE1Khrks', 'IlHRRVN5Qj', 64, 'omyJLl12KJ'),
('140', 36, 'XqtAQOqsqs', 'TbIPVTjzRO', 78, 'NBNxParn86'),
('141', 67, 'w2vLuno9b5', 'ongomhXaIh', 35, 'yXPWRtERi3'),
('142', 15, 'OwhNnmDGoF', 'Ogo5TEyjCM', 13, 'ip2NxshzxC'),
('143', 61, 'n6hussudAj', 'DUj7bO20iO', 39, 'KsUpEhMoDS'),
('144', 90, '5n9678D6qI', 'CTGuvmDebx', 74, 'c0Zo1NKGYi'),
('145', 38, 'XJmAh9uiq1', 'TIC7z9MI71', 0, 'UccIEdyNef'),
('146', 80, 'YdvfeXEvF8', 'cAfplnCBOQ', 76, '6WFL9t7mL6'),
('147', 32, 'SBRsloFyT4', 'dZKQUHtRzC', 61, 'ppbJZS3WsW'),
('148', 57, 'G2waZUetkZ', 'SikMScyu6m', 45, 'URL1o48sxM'),
('149', 36, 'h1Dwh1okKl', 'AhkYyR6UFm', 60, 'vRKmHVf23R'),
('150', 33, 'aVbDGLl1hS', 'SPGMya4QZX', 96, 'zZwXGQzyGa'),
('151', 57, 'kLhLcbipMr', 'NLD09DF5aJ', 50, 'Z3QnuJ9kpk'),
('152', 44, 'KjrKe5z1GH', '13sjEzLa1I', 36, 'eq3TXt5a7l'),
('153', 46, 'lB7VTFA5Oe', 'iR8dhlv9YB', 1, 'edkFhUXQ3R'),
('154', 84, 'YolxArpZ9b', 't49dQGq0kY', 84, 'HGs3huusd5'),
('155', 74, 'SDK28LNUqB', 'ugju35JKZk', 96, 'Xtywecbbvv'),
('156', 3, 'dTjOCZ9OYw', 'Tu6HxAjB4Z', 93, '3pxiYSrF2F'),
('157', 82, 'PCntgVoOcg', 'Ib7dk78fWX', 19, 'qLENnNrFdM'),
('158', 12, 'HoBDryYTqM', 'BKVoJuAiFH', 13, 'qkon4pVe9P'),
('159', 19, 'SHVXScEZRK', 'mNfv9xPpeu', 10, '1dLDt6kc6N'),
('160', 90, 'xOIjTdwxtc', 'RwU5vwrceW', 26, 'qsdKkcIDg4'),
('161', 18, 'Dbz6xQq37B', 'UvZMqPB7Q9', 61, 'mzCZgpAK63'),
('162', 59, 'KaHJeB70nu', 'Dkj8q5MVpK', 41, '57UJGzUiyx'),
('163', 77, '25fbW6T7BW', 'wGe2nQLOjg', 2, 'pfyBHuBP1E'),
('164', 96, 'GRPXy08hS9', 'YUN2UXNTKR', 3, 'nsrgoB3iuM'),
('165', 85, '876E8teEyY', 'GeNcPAqlyX', 74, 'wSD31GljIa'),
('166', 66, 'DIXxper7jd', 'vNvigWNoUp', 91, '9IMlsSFm0u'),
('167', 52, 'gZkOZsQzIL', 'GcDfKyjVKV', 55, 'KGQptRT6hZ'),
('168', 72, 'rGiKLCvXRD', 'TLYCW6uiXX', 23, 'oxbk82pDOq'),
('169', 27, 'pVKxH7EqHk', 'ZEkKi7Xqse', 11, 'sB8tnRi6ps'),
('170', 51, 'dyay7kGmle', 'nleNqdx74N', 9, 'DLkZPJI2ED'),
('171', 73, 'yH1GaC1lDZ', 'v5QUUrFTsp', 23, 'MZb0JUdvXM'),
('172', 82, 'FCVCgHQqBP', 'btsKBuPxJv', 58, 'Pza9XCr6yx'),
('173', 82, 'OcYxIpjajk', 'NvGrJkjUmt', 7, 'D9c1dFZGD5'),
('174', 28, 'UwaLeqc87I', 'A7PKKezDTf', 63, 'FqFKbxoJ9q'),
('175', 94, 'f9vOx2q9jO', '1y1MYPbGGo', 6, '7GugpCOosX'),
('176', 12, 'fqlzC9AwDL', 'omaQ2NypSb', 44, 'zzDuOuRTDO'),
('177', 43, 'uB2QLviQWj', 'jgFThcSbsD', 82, 'NvciO6dX8s'),
('178', 43, 'MXWhpBAnTj', 'rIrARpWWTT', 72, 'ixBXiunre3'),
('179', 61, '86lnNXeQ9F', 'pE0KrY5zIE', 4, 'ZDzjsvNBuV'),
('180', 10, 'eAJrT2c134', 'NkPbvElGDl', 42, 'bTI3eCLTgX'),
('181', 48, '6v6ZTCq11e', '0lodPS8VNK', 64, 'yLCQaNUciP'),
('182', 86, 'nO9T7TIxH4', 'fHTOtN8Es0', 68, 'xIGObDJhxO'),
('183', 12, '2Iw1ElcXks', 'PT9P6Q6ghw', 3, '3XKdr8vm1W'),
('184', 74, 'tQG56T7w8w', '3xOCYakEmX', 66, 'UTlLuuIf6Y'),
('185', 78, 'ziDMc3jwKb', 'b580MwDE0R', 57, 'XjByiXlFJS'),
('186', 0, 'qBaHP2szgG', 'fojd9TVfkY', 34, 'TMWOImL5Gd'),
('187', 97, 'jij6BOnYns', 'd4m9cdfF5z', 71, 'WpQBTzusM1'),
('188', 33, 'lrWIvt2Zd2', 'Us5T3s6VSb', 40, 'YVEBl8mqj3'),
('189', 70, 'Wt9ItSxh4b', 'QyelsCQK96', 35, 'n7OEhZMVJE'),
('190', 92, 'H1Jrj6Q8N5', '0BpAGIW8QR', 40, '6Xcs6AHNym'),
('191', 67, 'b55sQNYmKi', '1s3oyRHzXY', 32, 'qq4ivcNemp'),
('192', 11, 'TVv55PIzoz', '4ZI2bNbPPL', 42, 'YZ7cOTwOS7'),
('193', 58, 'OXJWax09ae', 'pCht9csG4F', 59, '8j04IDqkOS'),
('194', 81, 'n3RDi1glYf', '16Csg1fPR4', 14, 'UyzoQG9DEG'),
('195', 5, '6AUB8O1adH', '2GOxKNNKGx', 35, 'VEIlIDneLz'),
('196', 63, 'vGrwYDTx06', 'WRBqaLC8rA', 1, 'bvHITTkIzO'),
('197', 4, 'EMQpgf4ok3', 'lpJvWmi2YZ', 31, '1VRyYlDQEh'),
('198', 14, 'KBhsCvEveT', 'aO3OOPOji0', 90, '1KMwXJZ1uR'),
('199', 13, 'AnSWcoGUQS', 'eGfdjYHgkN', 34, 'fnAORxVmVP'),
('200', 55, 'nexWz5M0Rt', 'lv4MOCalTm', 11, 'NcUlweD47V'),
('201', 29, 'GpVpar5lYS', 'GOhdjc3MLb', 68, 'nhnMvTuMcG'),
('202', 32, 'R09cVGo2V0', 'fRz3dFQycu', 66, 'VZysCcYgxj'),
('203', 19, 'h4lwHroZLF', 'li1iMdvhBq', 49, '2fEkF8Xx7X'),
('204', 50, 'FoREbdeawD', 'BH7jyQYPqC', 33, '6Uo9r1pM9C'),
('205', 46, 'zUrHQm7aWs', 'Dn0T2JfciV', 45, 'N11xzoGSYg'),
('206', 86, 'dMG5J1xyhS', '28EAypeYWx', 27, 't31Y9Hyawt'),
('207', 25, 'SQymHaAdy6', 'Djo5jhIjDJ', 36, 'Vu0TKy1CnU'),
('208', 29, 'ZDGpCJpLTE', 'GVmbwCgqic', 2, '8ZeJdRs1ch'),
('209', 78, 'Q9j7yiQC5q', 'Qn8V0YEpUr', 37, 'u3RqkFnEy0'),
('210', 82, 'vHLI3QIBcT', 'fHzFTKJtWw', 93, 'kseu0Xc0Am'),
('211', 85, 'QSjlx76C1v', '0GUoWnXnbn', 18, 'SeW5WGPFqL'),
('212', 2, 'AWJYtjU6i8', 'M8aZrfRiPh', 96, 'CgjHbVBGih'),
('213', 99, 'p6IVXaMcoE', 'qJv1i62yOE', 67, 'IIMtbQ0s9T'),
('214', 6, 'hX96q5waKD', 'MfwJWjXzzJ', 38, 'IDRU6dphYS'),
('215', 4, 'fLl6CFSV25', 'bPGpQYG2Gt', 40, 'kHZv6Qz5Cc'),
('216', 3, 'w9tc8O4KeC', 'eg6j7QB5o7', 26, '2MKbYpRkaL'),
('217', 92, '46D8NWU4Fz', 'NFt4dyLuYO', 38, 'ETYXvGIXUh'),
('218', 7, 'rQRwFraB0N', 'PMT5EcAoJK', 30, 'wpzdHWPcYf'),
('219', 11, 'LPTXoMq0PW', 'Buee0laZxj', 47, '1zoKGwTCY4'),
('220', 58, 'ABeR8a8ANk', 'qcvUrMmubl', 94, 'NNaGR9tH2n'),
('221', 32, 'dAaVODLQDJ', 'wSsFR1CNia', 48, 'EdJlMLGVDY'),
('222', 55, 'pLlUo8mtor', 'I62buhkkrf', 4, 'tHC7VEDEol'),
('223', 42, 'XyHiyVtD2e', 'uregaOOjnL', 10, 'DIP8iq6S7z'),
('224', 1, 'nhxrEAisTx', 'c4nxrce1sZ', 46, 'IR1oAsM0OY'),
('225', 72, 'VzotoYgRu7', 'h2pKy68pFA', 65, 'uiKksYMFKd'),
('226', 56, '2uRtKpJpxi', 'QCUQIntlBi', 38, 'yoZNE68dTs'),
('227', 41, 'TwwNkqzQxz', 'oF9x3A5og5', 54, 'LXtRQVB7F5'),
('228', 10, 'UyiwdxpBd9', 'vOPMMuXRQ8', 50, 'FhiRRDqDTd'),
('229', 5, 'hHVMERA2aA', 'VTMaFn3IOu', 3, 'W048CO6xXN'),
('230', 70, 'UWHxjVb6JD', 'SjWHwTM66M', 21, '0AXrdj6X4i'),
('231', 83, 'zIuq9Bj9YI', 'E8YlMb19k4', 8, 'Oltdrlstig'),
('232', 94, 'TWCfHwCsSR', 'KeUcP4RJs3', 40, 'XqraDX0WJg'),
('233', 98, '1tTRvsdxu5', 'txTk0v0MDa', 52, '3ibvufM78I'),
('234', 21, 'p7BRejPSIf', 'KWhzafP8qh', 51, 'W2t3fbQwUb'),
('235', 30, 'zXOvxcylO5', 'apK8HHRvy8', 9, 'D5LEoilsL1'),
('236', 4, '3KDUxOPRzH', 'GIn7hqbZhf', 49, 'htvhuOzO4n'),
('237', 20, 'yT1tvHoulK', '2NWYk8Axpm', 88, 'kITAGN60g5'),
('238', 35, 'TLEhtTtPm0', '7hBe09p7DY', 46, '433YNmaOYO'),
('239', 34, 'FGceC8P3gS', '6nAkzqytJu', 13, 'gZcTtlQSr8'),
('240', 32, 'NxvwHOvx0R', 'sJPHjJ3QNL', 8, 'rU2OMxxjEp'),
('241', 71, 'IOIG0wbops', 'IRL1aBJiTs', 24, 'Pb3IfST0rm'),
('242', 80, 'g0CMbZZx5v', 'Tzi8pSlL0n', 8, 'VLpWOOPxwP'),
('243', 54, 'qhLVUQAwoW', 'qdtB7Qxmd4', 62, 'hMo2sC7Gdi'),
('244', 60, 'vmiD6eSDTI', 'OMp9y6kYdt', 19, 'LWV0dRZPKx'),
('245', 83, 'Dr8GoBJhqB', 'ebDPOFrK0M', 68, 'J0ysiusyqp'),
('246', 87, 'wdyLMLvlux', 'mTu2Pz7FMg', 72, 'RYAYO2sqOo'),
('247', 66, 'uxUfg8VO2Y', '5UWWLdRaaa', 67, 'BuECgygiAG'),
('248', 21, 'E1dKjtqzsA', 'OJgsMJryyg', 94, 'YdkxlOMeCP'),
('249', 19, 'm3IM3Qcvz8', 'xgHapaOBO3', 28, 'WsXb4uFNcQ'),
('250', 70, 'OFGfrxGTVm', 'U6UxdytNUT', 7, 'poNw8hbeEF'),
('251', 70, 'W7Yx7Dcwfi', '6gbDsJYKPH', 18, 'SU2iGleLDZ'),
('252', 61, 'VBY3qgG7wV', 'v2wOqadFSi', 2, 'JtTENBrW22'),
('253', 2, 'M6LhOD5zsf', 'yQwfXKKpB1', 13, 'hOP3MEbUR4'),
('254', 23, 'yH5TzEzP1n', 'aikmQpIWLu', 69, 'EnIXUVcYue'),
('255', 47, 'BgkhoKfdX9', 'lQIhxitrak', 56, '5LM3b1IHH2'),
('256', 7, 'vOEy9meV0j', '8gfTbnFHrl', 27, 'EJsSzfRFwB'),
('257', 82, 'B9w7Jj01Iz', 'hlWtvEhNlR', 68, 'GylavhQVoU'),
('258', 23, 'mx1Q7A9GHq', 'Bb29WnGTAk', 65, 'P9eJA4cbcg'),
('259', 22, 'kjotOsFNNs', '1WNoRKksWr', 17, 'wFYmer9R2q'),
('260', 61, '9T57QxdlfT', 'OoNRKaNH8G', 41, 'Cxg97OlqnM'),
('261', 41, 'L02rUrk8Dq', 'mpdF7CtRGJ', 55, 'dL4prhIMVL'),
('262', 11, 'rf9kXBexxt', 'CgUbAg0ctW', 35, 'IK0SkgZka2'),
('263', 61, 'fh73iUW7Si', '8nnSaXf1Uq', 70, 'AQ3kd90X9f'),
('264', 48, 'LIrCPs431W', 'Bo0n7xHR0r', 58, 'abSB39aGpU'),
('265', 89, 'VQcB9H3Xrr', '0S8h6qYl43', 2, 'QonyCpM7RK'),
('266', 59, 'rD7tLX2imi', 'Drwfhdydzn', 69, 'hbKb5J9wCB'),
('267', 3, 'LSn2rSs1fC', '8O3bCN0Cfo', 17, 'Rjz5iC3ZLt'),
('268', 2, 'wBlsDj5o9U', '8sL9FqEfIB', 47, 'rLf4gXMDYf'),
('269', 79, 'OvtQJbsnzG', 'cbKudh2i7m', 58, 'x4oN3rLqhc'),
('270', 34, 'Jf9x22BjYA', 'PiiDLc01D2', 40, 'xeCiE5iWdO'),
('271', 61, 'SHWnPUr2vr', 'WnSWaqY35X', 81, '8k9tjqHFxU'),
('272', 92, 'CsvW18pUnC', 'Rzo1YEDtPM', 61, 'AnhFQQZlod'),
('273', 17, 'RDmCSc0WWK', 'AD0KQzXqLK', 0, 'xpyRgyA5pt'),
('274', 10, 'AwsCEAB4Ao', '3FOI2FerOo', 48, 'k5WNrx4LrF'),
('275', 93, 'gQ5C2PX6pF', '6lt7odoG2M', 80, 'zIYpi2lCAs'),
('276', 92, '4MG2S45v3W', 'gFeMttagGg', 21, 'Vq9oHVuYhV'),
('277', 55, 'xccnUH8AWI', 'pOwQCMvMlp', 88, 'T6fb2xyKlz'),
('278', 74, 'WCDRQhqZdS', 'mQK2fG4frb', 81, '8IqSD1SujJ'),
('279', 25, 'glnOXxFKgy', '8weepiyHBj', 78, 'Cgvw7XzxVy'),
('280', 18, 'CEn9VV19yR', 'm1h2F8x7Ox', 23, 'GK0bUGGq8P'),
('281', 87, '1Mbaq32R12', 'IXueXAPqbM', 67, 'JGMtuhzZjA'),
('282', 8, 'XrxHg70rH5', 'MLQdFb0YGd', 71, 'eKvZ7rDVMu'),
('283', 69, '4yW6kjl1Pl', 'MIgPk46ARM', 59, '5NZG6D76IM'),
('284', 58, 'ESvRCol1MV', 'ouuOqAWGo4', 31, 'gvq2gDsVVK'),
('285', 95, 'E9s0aP1Ucj', 'C2QeI0NV5z', 6, 'RIUYKVjn50'),
('286', 79, 'nWMAfJUCUX', 'VVtYjbnHzA', 19, 'DVxsErajwP'),
('287', 64, '587mS6kNjU', 'HydF70NZMa', 16, 'a2vUaC5wGJ'),
('288', 37, 'CbXPyhWyd6', 'm7rhKBF9Vv', 42, 'UVpU5O3mdq'),
('289', 35, 'XiYF6MxgQy', 'hRZCKxVU4s', 38, 'Oyc7wcA807'),
('290', 60, 'uAYlgeI4Jx', 'Jv2WoOgOz9', 50, 'GSkjzE3eoJ'),
('291', 98, 'jSkrQmFG7u', '7lZFdtLQqw', 14, 'X2s19ltaNP'),
('292', 87, '2AzFJw9fEo', 'UMLOFLGPmn', 29, 'xySztdubQL'),
('293', 52, 'yGC38vIeZ3', 'qEJpjeD4T8', 87, 'oO2gBHeVUh'),
('294', 27, 'HH6Q5nR33u', 'R1CepTaIOJ', 86, '6SRX9sLh42'),
('295', 49, 'sySay4hxbx', 'nfWdDrDSpB', 72, 'cpSIGtX2uh'),
('296', 9, 'HiGoYKs3Ye', 'Y9Enpfg2Se', 35, 'fINKhDQUFH'),
('297', 43, 'Q2g4Ep7PNC', 'v4e6JcoIat', 74, 'Os3h2pblI0'),
('298', 34, 'SXfvxUr8aM', '1VIBU3IJhO', 87, 'XstiIM8QRb'),
('299', 29, 'koEZRWHxWB', '97QiTqmSf3', 31, 'dUTWEScDcw'),
('300', 2, 'DjibpdUtzY', 'Rxs5QBSJ2p', 94, '2BodJrr7th');
insert into album values
('239', '1', 9, 10),
('15', '2', 96, 120),
('242', '3', 80, 107),
('36', '4', 96, 140),
('35', '5', 35, 55),
('126', '6', 88, 109),
('40', '7', 84, 130),
('83', '8', 53, 80),
('36', '9', 46, 60),
('94', '10', 38, 68),
('149', '11', 77, 102),
('141', '12', 53, 85),
('76', '13', 19, 43),
('250', '14', 92, 112),
('81', '15', 51, 94),
('84', '16', 77, 90),
('95', '17', 22, 68),
('71', '18', 84, 100),
('243', '19', 39, 66),
('273', '20', 33, 72),
('33', '21', 67, 103),
('102', '22', 81, 105),
('47', '23', 94, 138),
('258', '24', 71, 78),
('288', '25', 11, 24),
('181', '26', 23, 67),
('174', '27', 0, 5),
('278', '28', 26, 31),
('176', '29', 22, 50),
('42', '30', 8, 23),
('4', '31', 40, 62),
('164', '32', 58, 97),
('239', '33', 1, 46),
('27', '34', 30, 40),
('214', '35', 76, 100),
('12', '36', 1, 29),
('223', '37', 7, 32),
('268', '38', 64, 82),
('119', '39', 74, 90),
('14', '40', 82, 84),
('39', '41', 29, 35),
('10', '42', 13, 58),
('144', '43', 59, 87),
('2', '44', 94, 113),
('103', '45', 24, 24),
('93', '46', 80, 94),
('144', '47', 32, 36),
('205', '48', 97, 122),
('39', '49', 5, 48),
('190', '50', 80, 92),
('250', '51', 63, 63),
('43', '52', 43, 78),
('70', '53', 24, 32),
('119', '54', 79, 85),
('271', '55', 4, 7),
('205', '56', 95, 97),
('161', '57', 9, 36),
('248', '58', 22, 63),
('29', '59', 5, 50),
('201', '60', 53, 62),
('62', '61', 23, 27),
('214', '62', 38, 74),
('154', '63', 48, 61),
('164', '64', 15, 35),
('100', '65', 26, 39),
('164', '66', 30, 54),
('38', '67', 60, 67),
('72', '68', 63, 75),
('25', '69', 49, 76),
('215', '70', 38, 65),
('151', '71', 66, 70),
('172', '72', 25, 74),
('194', '73', 85, 126),
('182', '74', 5, 16),
('226', '75', 7, 40),
('90', '76', 55, 73),
('79', '77', 98, 115),
('262', '78', 69, 87),
('159', '79', 6, 23),
('95', '80', 19, 43),
('186', '81', 80, 96),
('127', '82', 18, 27),
('231', '83', 45, 79),
('138', '84', 79, 115),
('255', '85', 97, 132),
('102', '86', 1, 6),
('67', '87', 74, 88),
('272', '88', 4, 26),
('232', '89', 78, 92),
('44', '90', 26, 28),
('249', '91', 10, 53),
('140', '92', 86, 126),
('67', '93', 24, 65),
('232', '94', 80, 103),
('262', '95', 15, 18),
('271', '96', 12, 33),
('153', '97', 58, 84),
('216', '98', 43, 79),
('294', '99', 38, 52),
('278', '100', 42, 58),
('288', '101', 20, 20),
('40', '102', 87, 119),
('53', '103', 25, 42),
('288', '104', 34, 64),
('280', '105', 87, 130),
('129', '106', 65, 103),
('191', '107', 72, 101),
('103', '108', 4, 15),
('12', '109', 12, 17),
('102', '110', 67, 72),
('76', '111', 25, 73),
('71', '112', 69, 82),
('144', '113', 31, 55),
('50', '114', 4, 42),
('138', '115', 22, 48),
('174', '116', 39, 72),
('37', '117', 38, 78),
('202', '118', 63, 102),
('150', '119', 51, 56),
('95', '120', 52, 57),
('36', '121', 26, 38),
('241', '122', 16, 54),
('135', '123', 94, 97),
('235', '124', 46, 86),
('127', '125', 59, 76),
('254', '126', 82, 96),
('89', '127', 13, 37),
('126', '128', 48, 61),
('46', '129', 71, 83),
('57', '130', 84, 109),
('107', '131', 26, 48),
('191', '132', 21, 39),
('246', '133', 17, 32),
('142', '134', 63, 70),
('20', '135', 41, 43),
('94', '136', 89, 100),
('241', '137', 13, 53),
('259', '138', 53, 94),
('32', '139', 30, 73),
('106', '140', 61, 86),
('162', '141', 91, 125),
('165', '142', 71, 108),
('289', '143', 50, 63),
('36', '144', 45, 87),
('84', '145', 94, 107),
('151', '146', 93, 139),
('96', '147', 77, 121),
('59', '148', 53, 54),
('50', '149', 78, 98),
('288', '150', 11, 59),
('77', '151', 82, 131),
('59', '152', 93, 121),
('214', '153', 25, 28),
('107', '154', 21, 45),
('46', '155', 35, 63),
('129', '156', 94, 98),
('103', '157', 40, 84),
('81', '158', 75, 95),
('15', '159', 10, 12),
('257', '160', 95, 105),
('216', '161', 10, 25),
('285', '162', 95, 122),
('84', '163', 82, 85),
('183', '164', 45, 49),
('106', '165', 79, 104),
('239', '166', 73, 120),
('210', '167', 92, 141),
('238', '168', 7, 55),
('194', '169', 8, 36),
('228', '170', 41, 71),
('164', '171', 31, 51),
('79', '172', 77, 105),
('246', '173', 65, 112),
('171', '174', 85, 111),
('94', '175', 55, 67),
('279', '176', 58, 85),
('139', '177', 24, 73),
('215', '178', 33, 69),
('91', '179', 8, 21),
('197', '180', 14, 34),
('191', '181', 45, 56),
('244', '182', 50, 67),
('36', '183', 92, 137),
('23', '184', 71, 87),
('205', '185', 39, 59),
('2', '186', 83, 94),
('110', '187', 98, 142),
('156', '188', 85, 115),
('5', '189', 11, 29),
('60', '190', 12, 61),
('240', '191', 67, 86),
('51', '192', 85, 118),
('79', '193', 83, 88),
('202', '194', 11, 27),
('90', '195', 64, 111),
('234', '196', 46, 81),
('3', '197', 35, 64),
('92', '198', 9, 49),
('125', '199', 45, 71),
('41', '200', 23, 60),
('35', '201', 76, 116),
('84', '202', 25, 63),
('256', '203', 49, 71),
('166', '204', 9, 47),
('98', '205', 97, 144),
('3', '206', 12, 24),
('217', '207', 38, 51),
('247', '208', 28, 41),
('89', '209', 55, 70),
('16', '210', 15, 60),
('157', '211', 28, 61),
('292', '212', 38, 82),
('296', '213', 56, 101),
('165', '214', 59, 95),
('243', '215', 30, 57),
('52', '216', 44, 58),
('214', '217', 64, 70),
('67', '218', 83, 88),
('3', '219', 34, 40),
('182', '220', 2, 40),
('262', '221', 69, 93),
('100', '222', 0, 41),
('115', '223', 19, 63),
('288', '224', 14, 33),
('242', '225', 90, 134),
('235', '226', 76, 91),
('3', '227', 12, 57),
('224', '228', 44, 63),
('203', '229', 12, 47),
('277', '230', 80, 80),
('30', '231', 72, 119),
('15', '232', 1, 26),
('131', '233', 45, 46),
('172', '234', 5, 7),
('246', '235', 84, 118),
('283', '236', 9, 37),
('267', '237', 72, 109),
('78', '238', 32, 71),
('92', '239', 22, 51),
('252', '240', 56, 61),
('129', '241', 97, 119),
('92', '242', 89, 97),
('262', '243', 76, 107),
('204', '244', 21, 44),
('42', '245', 82, 99),
('144', '246', 56, 101),
('245', '247', 21, 28),
('293', '248', 98, 135),
('64', '249', 72, 105),
('156', '250', 46, 95),
('34', '251', 41, 70),
('257', '252', 84, 95),
('274', '253', 46, 72),
('241', '254', 72, 75),
('242', '255', 18, 50),
('16', '256', 71, 101),
('134', '257', 39, 88),
('129', '258', 57, 82),
('49', '259', 24, 50),
('261', '260', 95, 124),
('149', '261', 66, 69),
('121', '262', 58, 87),
('217', '263', 1, 27),
('7', '264', 1, 35),
('259', '265', 74, 119),
('255', '266', 21, 44),
('188', '267', 58, 82),
('2', '268', 48, 66),
('33', '269', 32, 65),
('92', '270', 2, 41),
('157', '271', 99, 119),
('279', '272', 53, 57),
('79', '273', 12, 12),
('130', '274', 70, 91),
('272', '275', 30, 42),
('109', '276', 98, 137),
('119', '277', 72, 110),
('52', '278', 45, 65),
('175', '279', 31, 52),
('55', '280', 88, 101),
('264', '281', 55, 84),
('159', '282', 34, 42),
('38', '283', 59, 79),
('27', '284', 12, 31),
('149', '285', 64, 79),
('70', '286', 92, 133),
('27', '287', 84, 131),
('64', '288', 99, 138),
('262', '289', 50, 66),
('202', '290', 4, 46),
('264', '291', 22, 71),
('64', '292', 74, 119),
('133', '293', 90, 118),
('189', '294', 30, 71),
('250', '295', 24, 51),
('205', '296', 68, 72),
('170', '297', 65, 78),
('272', '298', 81, 124),
('9', '299', 45, 78),
('223', '300', 68, 74);
insert into photo values
(1, 'AslvTIhqPx', 'gylH1VoB4B', 174, 88, 105),
(2, 'ni1B79637t', '1wbJSm7KiD', 378, 15, 26),
(3, 'HfJYa620d6', '6Z9ABTDfuJ', 391, 28, 75),
(4, 'AmmxniyqKL', 'pFTlhBAZys', 460, 94, 109),
(5, 't4zPDLShIv', 'BbH8Hi8X7Y', 866, 57, 97),
(6, 'rTblRVExgL', 'emrUtoX2OO', 465, 12, 61),
(7, 'vsIV06ViIq', 'ToIMFWM2gF', 465, 65, 94),
(8, 'XbBWjk8juc', 'fUQtBbUGV1', 315, 16, 58),
(9, '3vgovXhq2l', 'Kh1KqWnu4O', 672, 56, 65),
(10, 'JeII4eYFvv', 'lA8zfCyU1G', 256, 59, 94),
(11, 'conOQoTSN8', 'VKvQriu2TH', 633, 71, 86),
(12, 'AJWPFmYXmq', 'B1nMhtMscn', 787, 19, 36),
(13, 'Z8mPYyDDhV', 'v8vsKQhFDW', 987, 3, 21),
(14, 'N8DOCYe2n5', '3C6ecZZA4Z', 240, 81, 112),
(15, 'ScxcGsukpP', '7k9OevcJzr', 467, 17, 49),
(16, 'IKysFJ7s4I', 'YqHFY2QaW4', 783, 81, 81),
(17, 'qGeUuZajFH', 'R6mgQ7qhAQ', 705, 28, 31),
(18, 'cIGJF2ylbm', 'u7Wz0z8VLk', 63, 5, 37),
(19, 'VcI7gpHYaG', 'Y89Wwd2mvB', 754, 55, 71),
(20, '1VnmvTBH7a', 'Rwcj11S1iT', 893, 53, 66),
(21, 'jgIkMpwcXz', 'xRdL0aLird', 477, 90, 129),
(22, 'JkcAgAGeZp', '0avngSPLPO', 453, 83, 121),
(23, '4gUrXn2KM2', 'OUKl1JWNSZ', 29, 24, 44),
(24, 'O4k6uuhZhV', 'Jc7aTYYQG5', 868, 37, 60),
(25, 'B8MEWLb2EX', '7OJJOdfQcd', 96, 96, 137),
(26, 'oMpE4AZZqG', '62Q8f0Si73', 73, 62, 108),
(27, '4eAFautz4i', 'PcjH497Coe', 498, 11, 46),
(28, 'ixe84ohwZd', 'BO0ttCCY4n', 820, 33, 77),
(29, 'yGVrmKjWw3', 'aIPrNXrb91', 971, 57, 57),
(30, 'gk1dPq0tF1', 'UsElBy7NBf', 437, 72, 79),
(31, 'CmuqF7QOlA', '4rMm5Qms5c', 389, 75, 124),
(32, 'tXnRSTVhvj', 'Y4ZnIYdJEm', 316, 41, 49),
(33, '6wOmS4ykmr', '7vJghhFqw2', 191, 61, 82),
(34, 'IslUOF0dte', 'a5KHFLmBIS', 955, 18, 44),
(35, 'LxFZeXHFxA', 'AWSwfDqjHQ', 720, 69, 88),
(36, '12qir7hiw5', 'Y0ZIINl1dm', 784, 82, 121),
(37, '0h5CWtS7gE', '5grPlUXNnQ', 719, 99, 128),
(38, 'oIC4sohJCn', 'SQju3Unsx3', 611, 17, 43),
(39, 'lhuEi2Dfum', 'Fyeqgxkfgm', 233, 37, 39),
(40, 'PPWAz0ubjR', 'PU4UwjGQEv', 305, 1, 48),
(41, 'VhoNhFPspP', '2D1w5QxJku', 245, 95, 111),
(42, 'SZazRaS7s1', 'hbvB0fb9Op', 720, 66, 67),
(43, 'OjckSt9biQ', 'ZAIdWhRv2l', 113, 90, 138),
(44, 'WVG1BoH7rq', 'Gt8vhQrAZz', 106, 6, 15),
(45, '1IbbgLWxVR', 'mAVZqDnfMv', 884, 42, 64),
(46, 'eaoe0dQtka', '9c9BDcImtr', 204, 88, 101),
(47, '5mstjHCpfl', 'ZaWqtzX8Yy', 449, 57, 72),
(48, 'cHlqqLRm7J', 'tKLpWxWrcY', 67, 57, 58),
(49, 'dF7k8Lx6Hx', 'geFYKfEjn4', 775, 28, 72),
(50, 'j0EU0kPSJl', '39KE8Wx1RU', 178, 53, 99),
(51, '1P3jMR17NF', 'ELcRu0pjTB', 846, 48, 64),
(52, '2kA2ryl25h', 'Qoe3AajpHX', 721, 5, 23),
(53, 'ckmuueONQW', '9aTW6pgBU3', 678, 18, 29),
(54, 'xXwuOmXAHE', 'WqFUouuwlk', 288, 3, 45),
(55, 'Ka6ZBhE4t6', 'TfdEEPZFBe', 775, 16, 40),
(56, 'qidqHM7Z6o', 'UG0xpvSHs0', 810, 31, 49),
(57, 'j9iq78qwKF', '7RkpO3lZBl', 184, 74, 110),
(58, 'K0s0YR9JhN', 'd8uMaBjLZX', 433, 38, 49),
(59, 'bqUy2NEVLt', 'NzD9iaS1gJ', 177, 70, 89),
(60, 'JvRmu61OFJ', 'PK6xDYtc6p', 954, 47, 71),
(61, 'pX1shIdsuw', 'lNHkm8bqx5', 747, 89, 134),
(62, 'zh53BxuzsQ', 'RWVIJVbhZk', 349, 86, 94),
(63, 'MwIrQztOcp', 'rafoH6SrvM', 300, 54, 84),
(64, '67fv8IkMSb', 'aOGZWWT86d', 306, 9, 39),
(65, 'CZaZ2mQk3k', 'LxchQS8EdG', 906, 72, 93),
(66, 'DId7Qe7UkJ', 'WEzU9nMh2l', 214, 94, 130),
(67, 'IrEwjmzTep', '0LEsmtuFau', 83, 52, 61),
(68, 'pITmBcHjec', 'XYqF6uUfWX', 109, 44, 80),
(69, 'JzAghkDIfZ', 'qPJrSd0Vm2', 649, 79, 110),
(70, 'nv7wyoGPj8', 'K7GhNxioBw', 105, 69, 80),
(71, 'hnKbDzTaTW', 'WtMdd1GoSG', 947, 63, 110),
(72, 'CL01CGoVIX', 'Xkf3UK2hlX', 660, 5, 38),
(73, 'IojRayCR6Y', 'ILEuVRNg8l', 729, 17, 30),
(74, 'ot4ml4ulFd', 'XmCZQS3yym', 996, 30, 65),
(75, 'izP6Rbo1J2', 'Iz2quoHs15', 45, 34, 69),
(76, 's4CqFUVzO3', 'TMlB4yizmi', 47, 73, 83),
(77, 'qZ7VT1zvVY', 'nfWSckE4Cv', 416, 65, 67),
(78, 'FqRPjk88kj', '6Kd9gibXky', 684, 90, 137),
(79, 'ZfpNgCVVFs', '59mry3J5t3', 947, 20, 27),
(80, 'TR0QKW4lxA', 'cybi5oEVBv', 395, 35, 54),
(81, 'xEfQTGYkFG', 'oxpPRJMFfR', 262, 77, 85),
(82, 'BI4PovRUUu', 'koAmVfV5SI', 918, 85, 106),
(83, 'fGxVwhf4UQ', 'DbdmkZxZLn', 934, 85, 101),
(84, 'yLYbRNpoe0', 'LdMjtwggpV', 855, 65, 114),
(85, '6qDP7vqoGc', '76rCAKgqdH', 447, 32, 68),
(86, 'sSB5QL8c35', 'p5drx9XWP5', 865, 24, 60),
(87, 'nCDRl3H7UE', 'wAgLZM1etR', 879, 12, 20),
(88, 'Wzt3xo6T7Q', 'K3npSbB7Nk', 521, 83, 104),
(89, 'h9y53bvxau', '56kKRgX9A4', 304, 37, 73),
(90, 'xaN55zHU1d', 'svUtZ1eWWE', 108, 18, 67),
(91, 'rAHKCdc1WQ', 'qqc9XVNBgm', 239, 32, 70),
(92, '2T5cVYOR4b', 'ZexiQWG1MI', 615, 44, 70),
(93, 'YLFL2mybNO', 'cpzDn0VUUY', 337, 61, 82),
(94, 'XY5ADprN1R', 'pTyXIsxEcL', 315, 95, 103),
(95, 'RZkPJ3phYw', 'QzGphTFNeO', 1, 62, 106),
(96, '8mqvI7L7Rc', 'kmRpxXvKa2', 336, 38, 43),
(97, 'bAP9iLowNU', '9su303PKEQ', 583, 12, 27),
(98, 'By9S5wWewA', 'gR7ASVJyRm', 720, 71, 82),
(99, '20WJlLTK0Q', '7rTdTGRdnE', 471, 83, 101),
(100, 'jzlpSq80rh', 'TagzuJ1fJs', 81, 4, 14);
insert into contain values
('294', 98),
('297', 36),
('122', 48),
('189', 21),
('91', 36),
('198', 5),
('43', 32),
('94', 51),
('147', 39),
('236', 49),
('260', 47),
('57', 18),
('208', 13),
('1', 33),
('203', 85),
('39', 78),
('172', 1),
('195', 37),
('183', 35),
('36', 15),
('105', 0),
('115', 57),
('164', 8),
('263', 1),
('54', 72),
('105', 88),
('261', 26),
('44', 74),
('77', 91),
('171', 43),
('105', 37),
('180', 75),
('140', 64),
('245', 42),
('68', 87),
('197', 10),
('10', 68),
('56', 72),
('206', 64),
('196', 13),
('192', 46),
('149', 81),
('292', 32),
('32', 13),
('258', 99),
('37', 78),
('175', 16),
('202', 79),
('193', 2),
('28', 53),
('234', 88),
('212', 59),
('165', 77),
('199', 92),
('193', 54),
('192', 71),
('62', 66),
('251', 62),
('238', 36),
('280', 64),
('81', 10),
('49', 89),
('93', 26),
('105', 57),
('209', 5),
('246', 76),
('285', 40),
('78', 45),
('83', 43),
('226', 2),
('98', 70),
('12', 9),
('285', 96),
('15', 61),
('230', 6),
('93', 42),
('140', 64),
('29', 52),
('226', 67),
('7', 95),
('155', 11),
('93', 37),
('115', 13),
('275', 77),
('93', 98),
('191', 95),
('272', 14),
('24', 16),
('271', 83),
('158', 12),
('124', 91),
('63', 4),
('292', 0),
('80', 7),
('202', 20),
('182', 9),
('26', 45),
('164', 70),
('243', 30),
('19', 18);

